url_id,total_meters,price,floor,floors_count,rooms_count
225134236,62.57,12390000,4,18,2
227394684,62.4,13600000,23,25,2
233063373,34.0,8400000,5,17,1
248513131,44.0,13980000,4,5,2
261072352,57.6,37000000,30,41,2
265206637,42.0,6400000,2,5,1
269170156,88.2,30000000,4,5,2
270073581,51.9,12456000,7,12,2
270648473,45.3,13400000,5,9,2
272856487,46.6,10200000,20,25,1
273983668,35.0,12500000,2,17,1
275020074,35.0,8100000,6,13,1
275040150,38.4,5800000,4,4,1
275050401,44.5,49400000,3,5,1
275471474,33.4,7500000,6,6,1
276620651,66.4,43000000,2,13,2
279685018,80.0,39500000,11,42,3
279918609,56.0,87500000,3,4,2
280701170,59.3,7950000,5,9,2
280729658,42.5,6500000,6,9,1
280730686,80.8,10926000,4,9,3
280748592,62.3,8150000,8,9,2
284430188,36.0,12000000,7,16,2
285954739,33.0,8600000,1,12,1
286050252,42.5,7150000,5,9,1
286643532,69.8,52903629,4,8,3
286995307,32.8,8395000,4,9,1
287296773,79.7,31500000,6,11,2
287296776,79.7,31500000,6,11,3
288092656,31.8,11200000,11,19,1
288615232,34.0,9200000,5,9,1
289299955,81.25,40900000,6,18,3
289330530,36.4,9000000,6,17,1
289774737,81.4,27500000,2,26,3
289902762,30.1,9000000,5,5,1
290288962,85.5,29600000,2,5,2
290301611,43.0,25000000,5,30,1
290829248,36.3,10496388,17,25,1
291597285,85.0,50000000,29,29,3
292022196,35.4,8200000,14,15,1
292147309,30.0,6300000,1,6,1
292267406,49.0,64000000,3,6,2
292522658,41.3,11314272,12,25,1
292524495,39.9,10608395,17,26,1
292526198,41.9,11478281,24,26,1
292633965,73.0,25750000,6,24,3
293032841,64.0,33449000,4,13,2
293160646,40.0,12200000,5,14,2
293340003,31.0,7200000,4,5,1
293539868,64.3,15500000,17,27,2
294111689,72.0,38000000,13,29,2
294203461,60.0,93000000,2,9,2
294368903,92.0,64000000,41,78,3
294452835,62.0,41000000,16,78,2
294650795,44.0,49400000,3,5,2
294698580,68.0,32400000,35,39,3
294869015,63.8,14577524,24,25,2
294870005,41.3,11314272,17,25,1
294870513,63.8,13950498,23,25,2
294977495,45.0,10300000,8,9,2
295240177,32.7,8200000,15,17,1
295728885,32.4,8500000,11,12,1
295879334,48.0,15100000,2,26,1
295915768,92.1,96705000,8,13,3
296106332,69.8,55326696,4,8,3
296116200,22.0,6800000,6,8,1
296351713,75.3,54000000,13,16,2
296390859,74.0,34200000,14,19,3
296404444,17.0,10790000,2,5,1
296417169,59.1,17500000,13,16,2
297041322,32.0,8700000,8,9,1
297089589,30.4,5999000,4,5,1
297421556,72.0,21800000,3,12,3
297534195,30.9,8400000,5,14,1
297766719,61.4,60000000,3,9,2
297901785,53.0,16500000,3,3,2
297917099,36.3,9000000,6,14,1
297949172,70.0,28000000,12,21,2
297997441,59.0,55000000,51,79,2
298003416,60.9,29000000,10,43,2
298261134,60.5,24750000,13,17,2
298431321,36.2,9950000,2,17,1
298466120,81.2,60700000,12,12,3
298547100,34.8,9000000,1,12,1
298621200,32.1,9000000,5,5,1
298705574,13.0,4600000,3,9,1
298802622,46.0,20000000,20,22,2
298881519,77.0,80768900,4,8,2
298908066,28.0,6500000,2,17,1
299013088,52.0,47000000,4,4,2
299019109,31.2,19500000,10,25,1
299025994,27.0,6333000,2,8,1
299027789,28.0,6950000,2,8,1
299147133,31.0,8700000,8,9,1
299251187,45.0,15700000,13,14,2
299556015,39.1,8800000,1,14,1
299654390,30.0,9150000,2,9,1
299655879,46.0,31000000,14,24,2
299973610,70.0,9450000,13,17,2
300005751,71.0,55000000,7,7,3
300013327,56.2,30000000,3,5,2
300018901,54.4,54400000,4,9,2
300069188,35.6,8500000,2,4,1
300288478,28.0,5600000,1,6,1
300337168,28.0,6000000,3,6,1
300349520,64.2,18700000,4,12,3
300834452,48.0,42000000,3,3,2
301107943,95.5,29900000,5,31,3
301135318,32.5,7200000,1,9,1
301254008,66.0,33900000,4,22,2
301301345,91.3,46000000,4,19,3
301573903,80.0,70000000,5,6,3
301704043,32.9,9100000,7,9,1
301952287,63.0,21800000,6,24,1
302038626,71.4,13990000,1,4,2
302081797,69.4,69900000,2,10,2
302195149,35.0,9700000,5,24,1
302269443,38.4,8990000,2,10,1
302300251,88.7,75000000,9,9,3
302338028,50.0,10950000,4,12,2
302366565,38.0,12800000,1,14,2
302376298,33.1,8350000,6,9,1
302385657,24.1,7990000,2,18,1
302453838,88.0,42000000,11,37,3
302552929,90.0,80000000,2,7,3
302756395,31.6,8000000,1,9,1
302777738,42.0,14700000,4,9,2
302817609,97.0,97000000,3,17,3
302818689,75.0,22300000,16,17,3
303069476,60.0,60000000,10,10,2
303139463,35.0,8700000,7,14,1
303370489,44.9,5700000,3,3,1
303396280,45.4,8300000,9,12,1
303440761,32.2,9200000,1,9,1
303442634,74.4,20500000,5,12,3
303447463,71.0,46500000,28,39,3
303477912,40.74,24500000,8,13,2
303582296,66.3,28300000,21,42,3
303679672,34.5,8260000,5,8,1
303765580,86.0,60000000,6,6,3
303773278,54.7,25680000,9,26,2
303775433,64.0,3100000,11,12,-1
303849492,76.5,24999999,9,17,3
303869601,97.5,85000000,3,17,3
303902409,81.2,59900000,12,12,3
303957847,92.1,96705000,8,15,3
304067577,96.0,51750000,4,8,3
304074417,55.5,24000000,23,31,3
304128142,26.7,7900000,4,8,1
304156404,36.9,22300000,13,13,1
304224403,94.2,67000000,1,19,2
304283080,66.2,54500000,7,27,3
304320920,66.0,29100000,3,41,2
304329886,77.2,90706200,4,8,2
304388593,60.0,93000000,2,7,2
304392513,82.1,31100000,7,7,3
304515107,85.1,30000000,8,31,3
304516413,38.2,10700000,1,12,2
304528493,51.0,30800000,12,14,2
304547184,90.9,10400000,1,9,3
304549933,71.4,35000000,7,10,2
304573316,38.5,8400000,2,25,1
304612074,18.9,7200000,1,7,1
304704149,42.2,19000000,12,14,1
304779000,45.3,23900000,9,31,1
304792544,32.2,6700000,3,5,1
304822441,53.0,64444000,31,49,2
304863760,17.2,6141432,4,8,1
304887978,44.3,20821000,2,6,2
304947747,97.9,32796500,14,40,2
304961732,41.4,4300000,6,23,-1
304963966,65.6,82000000,3,12,2
305062277,64.7,80768900,4,7,2
305070032,82.3,82500000,37,41,3
305184755,72.0,36500000,35,43,3
305269682,51.2,30900000,4,7,2
305280843,68.9,53500000,8,14,3
305311999,31.4,6990000,1,17,1
305321484,76.0,45000000,14,52,3
305366710,45.0,12500000,9,12,2
305484793,49.0,19000000,4,5,2
305509795,63.0,34700000,26,43,2
305510471,50.6,10599999,11,12,2
305548082,31.5,11250000,8,15,1
305591607,36.6,7200000,4,16,1
305644418,75.1,93000000,4,6,2
305645339,44.9,7700000,3,7,1
305731107,36.8,8600000,2,17,1
305747344,85.4,28000000,7,22,2
305790131,19.0,6200000,1,5,1
305791505,74.7,9890000,1,3,3
305814706,32.8,16999000,8,24,1
305886637,24.4,7500000,5,22,1
306030365,54.0,17000000,11,12,2
306157404,36.5,10250000,9,9,1
306174542,41.0,7500000,1,6,1
306274707,83.2,17475035,14,25,3
306323071,53.7,29900000,2,16,2
306376722,55.3,17800000,4,5,3
306380207,45.9,12400000,1,9,2
306401886,60.1,28000000,8,31,2
306402145,51.82,15000000,21,22,2
306545545,30.1,9150000,1,9,1
306592437,93.0,77200000,9,12,3
306607502,75.5,17300000,3,14,3
306651860,79.0,35000000,4,5,3
306661525,54.17,14800000,2,8,3
306676195,26.0,17400000,16,24,1
306776652,45.1,13500000,13,14,2
306821480,45.8,39600000,3,7,2
306823110,82.4,82317600,5,8,2
306867070,41.1,33000000,16,36,1
306926249,47.0,13000000,10,19,1
306969956,39.64,11000000,23,23,1
307045072,27.2,15150000,6,8,1
307087327,56.2,27400000,7,15,2
307125271,70.6,21000000,2,21,2
307143962,68.7,61999000,9,14,2
307208938,35.0,5100000,3,3,1
307219363,68.6,52500000,8,13,3
307221211,45.0,22550000,5,18,1
307227822,18.0,4999999,3,3,1
307265595,25.0,5899999,6,6,1
307275502,41.0,11500000,2,12,1
307387664,99.0,28200000,12,14,3
307397901,84.0,59000000,44,52,3
307400091,80.0,50000000,9,12,2
307433320,75.9,65000000,2,9,3
307443915,22.0,8400000,7,9,1
307460089,32.8,8990000,9,9,1
307461729,76.0,41690000,5,6,3
307484749,54.4,18900000,5,5,3
307535888,74.0,18990000,17,17,3
307545268,59.0,35000000,5,12,3
307578239,83.1,14800000,2,17,3
307579111,60.0,15000000,2,9,3
307588906,35.0,9990000,4,14,1
307612708,67.3,31000000,3,14,3
307617028,41.0,19500000,2,11,2
307651986,76.7,25000000,5,17,3
307668475,39.4,9600000,14,17,1
307669189,56.7,15500000,14,17,2
307716908,82.0,46000000,10,21,3
307723604,95.4,79990000,30,85,2
307723781,10.7,3200000,3,31,1
307731279,41.0,27500000,14,37,1
307850434,42.2,19700000,6,9,2
307853208,76.7,21000000,4,17,3
307853221,67.0,29299999,14,46,2
307853249,77.0,21900000,1,5,3
307853268,62.0,13800000,5,12,3
307853283,19.0,8350000,5,6,1
307857856,37.5,8700000,14,15,1
307869441,74.4,44350000,3,41,3
307877855,74.3,28780000,9,12,2
307886566,41.3,16150000,2,5,2
307916901,26.2,8000000,10,14,1
307934248,37.7,8990000,12,17,1
307966312,65.7,31000000,11,21,3
308000868,55.6,31700000,3,6,2
308012309,32.2,9100000,1,9,1
308066640,30.0,8500000,7,9,1
308100205,21.0,15590000,24,24,1
308124780,71.0,33199000,11,21,3
308135256,29.9,9000000,2,9,1
308137409,31.0,5300000,4,4,1
308142340,69.0,55000000,10,21,3
308207546,48.0,29900000,14,41,1
308207909,44.0,34000000,6,6,2
308214401,91.0,55000000,21,89,2
308257993,20.5,4270000,1,22,1
308260848,33.2,8250000,19,22,1
308300638,37.0,7150000,8,8,1
308310992,41.5,15300000,17,20,1
308324958,30.0,4700000,5,5,1
308363078,54.0,14900000,10,12,2
308413458,68.9,95000000,4,13,2
308415050,36.0,9890000,10,12,1
308437248,86.7,42743000,18,27,3
308439959,66.6,32630000,9,25,2
308474695,67.0,31825000,22,51,3
308495658,78.0,33800000,18,23,2
308496493,57.5,12000000,9,9,3
308500883,44.0,11990000,17,18,1
308550091,31.9,17900000,8,23,2
308550093,31.9,17490000,9,23,1
308551547,32.4,8600000,9,9,1
308553460,99.0,96750000,9,12,2
308553708,88.0,59350000,9,12,2
308562785,71.0,43000000,18,44,2
308574909,36.6,16700000,15,22,1
308627714,52.5,30000000,10,12,2
308629773,32.4,8250000,12,12,1
308633394,14.0,4850000,2,3,1
308645438,41.0,14950000,1,30,1
308703362,35.5,9200000,3,12,1
308707707,37.5,7700000,5,15,1
308755784,30.0,6199999,6,6,1
308759488,40.0,10500000,5,12,1
308833383,59.6,13450000,6,9,3
308837547,40.4,28950000,5,10,1
308838116,33.0,9500000,4,5,1
308881010,32.5,9200000,4,9,1
308881395,93.0,39900000,6,7,3
308892411,62.0,37199000,5,7,2
308894976,65.0,35000000,11,37,2
308900748,62.2,20000000,13,23,1
308900749,62.4,21000000,14,23,2
308902179,53.7,14000000,4,17,2
308907057,64.76,70000000,5,21,2
308929598,41.5,23990000,15,19,1
308945722,38.0,10250000,11,17,1
308951508,67.0,29000000,8,17,2
309084249,70.0,38500000,3,18,3
309095610,68.3,22975000,18,21,2
309097030,55.5,19200000,1,8,2
309124353,39.0,14890000,11,12,2
309140209,31.4,5600000,2,4,1
309164744,40.0,23000000,16,24,2
309176383,30.0,1000000,1,5,-1
309176729,63.0,41000000,50,51,3
309181915,61.7,24500000,33,52,2
309191861,41.0,17750000,5,14,2
309192054,45.9,15250000,24,24,1
309202874,91.6,24230670,25,27,2
309229027,51.0,45000000,2,12,1
309256751,43.0,42990000,3,20,1
309270409,81.7,21500000,9,10,3
309274659,69.0,61500000,12,32,3
309277393,69.0,61500000,11,32,3
309280392,68.2,59000000,9,32,3
309301056,74.0,79000000,4,13,2
309319867,79.0,26700000,3,5,3
309335898,39.3,8900000,7,12,1
309337985,28.6,7300000,6,17,1
309348680,43.13,8600000,4,19,1
309351514,46.8,9850000,3,7,1
309376755,69.0,31950000,37,41,2
309396535,32.0,12150000,7,22,1
309397207,33.5,12300000,8,22,1
309398005,35.2,12550000,20,22,1
309398847,57.3,18850000,18,22,2
309408225,50.6,15500000,10,16,2
309432400,70.0,36500000,5,30,3
309485692,39.0,3490000,2,12,-1
309510220,34.8,8950000,2,16,1
309525051,40.2,32500000,2,40,1
309525181,60.0,17980000,6,9,3
309550008,78.0,35500000,3,11,2
309585442,94.6,70000000,5,7,2
309619938,96.7,99500000,10,13,3
309623565,68.9,41000000,7,14,3
309631150,59.0,17200000,20,22,2
309636679,28.5,5000000,5,5,1
309640290,72.6,27500000,7,26,2
309666910,32.0,12500000,8,9,1
309671138,88.4,90000000,13,25,3
309685252,39.1,9100000,13,16,1
309708698,90.6,21900000,16,17,3
309757878,69.0,26990000,5,25,3
309758721,61.8,74400000,3,4,2
309770871,61.1,25500000,6,8,2
309775039,60.0,60000000,10,11,3
309808583,45.5,7250000,3,12,1
309832525,89.9,48000000,17,18,3
309866539,94.7,89000000,16,21,3
309888241,79.0,67000000,24,29,3
309910230,95.0,58000000,37,39,3
309941653,73.7,30500000,14,15,3
309950052,47.9,20400000,7,8,2
309979871,52.0,35800000,6,13,2
309998167,53.0,15500000,10,16,2
310065384,43.0,26000000,4,16,2
310067160,68.0,19900000,1,15,2
310068451,36.8,20000000,9,12,1
310072129,36.3,17400000,17,29,1
310089860,21.0,7450000,1,4,1
310089862,15.0,6200000,1,4,1
310096435,77.5,39800000,3,3,2
310098135,94.0,39900000,7,28,3
310107816,40.0,8490000,6,12,1
310168643,58.9,18900000,9,9,3
310176888,83.0,48700000,6,42,3
310177853,73.0,79900000,14,19,2
310266518,76.8,33000000,3,7,3
310280728,67.4,33000000,2,14,3
310306708,74.0,33950000,12,25,2
310309761,36.0,9250000,1,17,1
310318176,37.7,4300000,7,17,-1
310346509,38.6,4400000,14,22,-1
310356914,59.0,22000000,6,22,2
310382123,48.2,22654000,2,6,2
310417082,32.7,11500000,9,12,1
310448978,52.8,19100000,18,19,2
310462120,42.0,15500000,19,23,2
310462644,37.5,8999999,7,17,1
310466488,77.0,80000000,32,78,2
310531592,57.8,14450000,2,22,2
310531641,90.0,40900000,2,15,3
310554429,73.8,22300000,2,17,3
310578781,76.97,27900000,10,21,3
310594260,33.6,8900000,8,9,1
310611250,37.1,8800000,3,8,1
310615959,34.0,8600000,6,15,1
310632423,80.0,33000000,12,21,3
310634078,58.3,12500000,1,16,2
310634852,84.0,74000000,17,32,3
310684164,21.0,9000000,3,9,1
310697228,31.5,7450000,3,5,1
310712349,30.4,6200000,2,5,1
310730890,53.0,16900000,16,22,2
310731376,37.9,14800000,1,17,1
310740184,44.5,11800000,5,9,2
310743607,68.6,44900000,27,44,3
310765033,56.0,27900000,15,22,2
310769942,24.5,11500000,4,14,1
310783053,96.7,25500000,7,12,3
310789500,86.0,50000000,9,12,3
310792973,67.5,29000000,11,31,2
310795278,65.2,35500000,15,48,3
310834850,33.5,17500000,5,28,1
310836678,96.8,97000000,4,12,3
310860122,28.1,9000000,1,5,1
310867819,70.0,32500000,7,15,3
310867959,41.1,12490000,4,21,1
310888018,36.89,11000000,5,18,1
310914884,44.5,8700000,6,9,1
310924420,43.0,35500000,7,21,2
310963121,60.1,28000000,8,31,3
310968916,68.5,30499000,29,34,2
310987026,56.8,14300000,22,23,2
311033212,67.0,57000000,9,14,2
311035485,74.0,69500000,5,9,2
311038200,74.1,36000000,21,24,3
311055102,27.8,8400000,2,5,1
311055900,54.0,19500000,9,31,2
311061249,66.0,46000000,40,41,3
311076245,31.3,8900000,3,9,1
311077298,34.8,12500000,14,16,1
311086812,43.0,11990000,2,12,2
311104283,72.4,16900000,6,12,2
311105373,77.0,90000000,2,8,2
311108846,70.0,37500000,16,25,3
311135128,67.5,34000000,4,7,2
311141471,56.8,9900000,4,9,3
311152752,50.0,36000000,1,13,2
311154592,49.5,36000000,1,13,2
311158339,75.0,21500000,8,16,3
311183995,85.5,18553500,6,45,2
311198686,53.8,17200000,15,16,2
311208111,29.9,12800000,2,8,1
311229180,77.0,48000000,2,15,3
311234825,50.0,60500000,17,34,2
311242296,78.4,73000000,1,5,3
311245222,39.7,9790000,14,25,2
311250309,36.1,12999000,1,22,1
311257638,87.4,67000000,7,8,3
311299339,82.0,55000000,6,12,3
311303897,70.0,19000000,12,17,2
311314543,57.0,35000000,3,29,1
311341337,67.5,55000000,20,21,2
311345408,30.1,9590000,5,5,1
311365272,52.4,22700000,8,13,3
311373540,95.7,67800000,3,6,3
311375864,44.0,14750000,1,5,2
311386638,45.0,17850000,5,5,2
311393920,15.7,4700000,1,24,1
311394153,48.7,10300000,7,12,3
311406439,30.0,8500000,17,17,1
311420430,47.4,11750000,1,12,2
311433502,74.0,17900000,10,17,3
311477959,52.3,11300000,6,12,2
311496883,36.3,11150000,5,16,2
311506047,31.8,8540000,12,15,1
311537139,84.8,18900000,1,3,3
311567423,41.3,9750000,5,5,2
311570552,34.0,9400000,4,14,1
311588834,64.2,14900000,3,10,3
311591659,41.7,12150000,10,14,1
311591985,85.9,44000000,16,16,2
311592844,40.8,7900000,17,17,1
311618468,49.0,26600000,14,41,2
311656213,88.0,44000000,7,16,3
311657948,62.0,26950000,3,4,3
311679896,92.0,50400000,4,8,3
311723944,42.0,7700000,4,12,1
311733777,79.0,71000000,27,41,3
311743721,57.0,30900000,14,24,2
311773880,61.6,22514000,5,30,3
311782387,30.0,7490000,3,5,1
311782485,30.0,7500000,10,14,1
311802229,32.0,11500000,17,25,1
311814270,43.0,33217500,4,6,2
311816697,77.0,53000000,4,9,2
311821615,60.0,18999999,7,9,3
311846636,24.0,12800000,1,29,1
311858624,65.0,33600000,8,12,2
311867464,38.0,8000000,17,17,1
311871795,37.7,12800000,3,17,1
311875081,31.1,8300000,11,18,1
311908368,90.0,39900000,27,29,3
311908464,85.0,86000000,50,65,3
312014835,63.0,19500000,1,12,3
312026895,43.3,24300000,36,49,1
312028617,89.0,29900000,2,18,2
312035112,32.8,8350000,2,9,1
312047347,65.0,29990000,4,17,3
312071528,40.0,16600000,16,16,1
312075411,42.5,6200000,4,9,1
312079632,68.0,48000000,3,19,2
312082397,39.0,18499000,3,12,1
312095964,70.0,46900000,1,19,2
312098897,52.8,17399999,7,18,1
312100477,56.2,20200000,2,5,2
312102112,38.3,24500000,9,19,1
312105138,32.6,9200000,1,9,1
312144400,65.0,24000000,4,4,2
312155484,43.0,13500000,4,5,2
312164835,28.0,15900000,3,8,1
312178852,71.0,39800000,11,14,2
312193053,90.0,19000000,7,9,3
312194618,94.7,89000000,16,19,3
312194977,32.4,8700000,6,9,1
312195331,33.5,16300000,4,22,1
312201652,39.0,9600000,9,14,1
312201711,56.0,5600000,4,5,1
312202286,85.0,75000000,18,34,3
312208501,78.9,91642952,4,6,1
312210452,66.2,83678784,5,6,1
312228754,35.0,8400000,12,15,1
312228817,37.0,11000000,2,5,1
312241999,46.2,22300000,4,14,1
312242675,53.0,29400000,9,57,3
312253067,64.1,34999999,17,17,2
312254601,51.0,18000000,3,9,2
312257706,36.2,9090000,12,14,1
312278500,67.8,71900000,2,10,2
312295237,58.2,13095000,2,9,3
312303539,34.3,14990000,8,19,1
312350212,34.5,2000000,10,16,-1
312356744,49.8,20499000,16,33,2
312363615,46.9,12400000,2,14,2
312373736,32.8,9000000,5,9,1
312376818,47.1,12200000,12,12,2
312376890,58.4,16400000,22,22,2
312377431,31.0,9300000,16,19,1
312379117,82.0,39100000,9,27,3
312379124,47.0,26000000,8,26,1
312400488,66.1,77966246,4,6,1
312401505,22.0,3200000,5,5,1
312405050,57.0,21600000,7,9,2
312406285,50.0,22500000,16,21,1
312413227,57.7,28850000,3,9,2
312414363,37.9,9100000,10,17,1
312417958,54.3,39000000,8,9,2
312464973,57.0,20000000,2,19,3
312467644,74.7,16400000,12,17,3
312474825,32.7,12450000,9,9,1
312483652,39.0,16200000,1,22,2
312491589,47.0,23400000,9,31,1
312509370,74.6,23000000,14,14,3
312511276,43.0,27900000,9,25,2
312515460,43.0,27950000,6,8,2
312542550,33.5,10100000,3,9,1
312559232,77.0,26299000,7,13,3
312559748,60.6,16900000,9,9,3
312569571,35.0,9000000,2,17,1
312575064,69.0,47000000,2,39,2
312578295,99.0,51000000,24,27,3
312581624,43.4,8300000,12,17,1
312581759,34.7,9950000,5,16,1
312585485,75.5,37750000,28,32,3
312588850,63.5,40000000,4,20,2
312606091,40.0,10600000,11,12,1
312607848,42.9,14500000,8,9,2
312625290,64.1,15375000,12,12,3
312626952,88.0,82000000,31,40,3
312628187,72.0,22650000,4,5,3
312630744,73.1,64500000,5,17,2
312632454,37.4,13999000,3,9,2
312635194,80.3,35000000,12,23,3
312657690,45.0,13550000,8,17,2
312665876,70.0,33000000,7,26,2
312666649,33.4,8900000,2,9,1
312682007,36.0,14500000,3,13,1
312683565,45.0,27000000,12,13,2
312692056,34.9,9000000,2,12,1
312698981,66.3,18500000,10,33,2
312715063,58.0,16900000,2,9,3
312717216,44.9,8200000,13,16,1
312720304,59.0,21800000,6,9,3
312727133,90.0,58500000,8,9,3
312736480,40.0,12300000,16,25,1
312754386,74.2,15500000,10,16,3
312754921,34.0,25700000,4,8,1
312760628,42.0,8600000,13,14,1
312761872,59.2,38500000,14,15,2
312764209,60.0,65000000,11,13,2
312772892,29.8,9200000,1,9,1
312775815,53.1,17490000,18,25,2
312780568,85.4,44000000,11,33,2
312800654,38.3,21900000,11,18,1
312801762,65.3,20980000,17,25,2
312821088,34.0,12100000,20,33,1
312822335,70.0,38500000,9,24,3
312822633,71.3,17900000,2,5,2
312825223,65.0,29990000,4,41,3
312826689,35.0,10499000,8,12,1
312831569,35.6,12300000,10,12,1
312835465,77.3,35500000,7,23,2
312846464,37.7,8300000,7,17,1
312860506,47.1,13700000,2,9,2
312867054,38.0,8700000,7,7,1
312868494,83.9,24331000,2,10,3
312870510,32.1,7400000,5,12,1
312871363,52.44,74990000,4,10,1
312871372,27.73,41490000,4,10,1
312886286,83.0,18500000,16,17,3
312887433,47.6,27990000,14,42,2
312887626,32.6,8200000,9,9,1
312890000,55.0,16700000,4,14,2
312893036,38.0,23600000,24,26,1
312895070,73.8,42800000,9,13,2
312895131,47.0,27000000,8,41,2
312895187,90.6,17000000,19,25,3
312897713,30.0,16000000,3,25,1
312898661,31.0,10200000,9,9,1
312902619,52.8,20950000,5,16,2
312921724,42.0,8349000,20,23,1
312923030,35.0,9200000,10,12,1
312938146,79.0,27500000,17,22,3
312939252,35.2,8550000,2,12,1
312940565,96.8,45650000,3,28,3
312944930,33.9,8800000,1,5,1
312965204,30.3,8000000,1,9,1
312971653,61.6,27250000,11,12,2
312975296,86.5,48900000,21,36,3
312981803,90.0,48500000,3,11,3
312989612,57.9,37800000,4,29,1
312989740,41.3,8400000,9,9,1
313004523,75.47,27990000,5,12,3
313005539,32.5,8700000,2,9,1
313006877,73.3,55250000,17,24,2
313019655,60.1,11950000,1,9,3
313024452,43.0,20900000,6,40,1
313032465,40.9,7700000,1,4,1
313034530,83.0,83000000,3,5,2
313037451,53.0,16600000,11,18,2
313037533,24.9,5999999,6,6,1
313044749,37.9,8400000,2,17,1
313048640,34.7,8150000,2,9,1
313066709,44.9,13500000,11,12,2
313068467,80.0,35000000,7,8,3
313077030,62.0,27000000,13,21,2
313077646,69.0,41488700,11,14,3
313080829,45.8,9400000,5,13,2
313084247,34.9,10500000,5,9,1
313091597,73.2,43000000,19,29,3
313092048,50.9,12400000,4,14,2
313095253,66.2,16800000,1,16,3
313104370,92.0,75000000,5,7,3
313110628,38.0,12000000,11,17,1
313118459,77.5,26600000,15,16,3
313138677,36.0,11350000,7,32,1
313139885,45.0,13500000,2,5,2
313142384,65.0,22500000,2,14,2
313143880,58.0,25700000,7,8,2
313148630,76.1,28500000,3,17,3
313149317,45.2,14800000,7,9,2
313149927,41.5,17000000,2,16,2
313151348,70.5,27400000,10,14,3
313164869,82.0,41200000,1,20,3
313167304,33.0,8300000,3,10,1
313169673,39.0,17300000,8,9,1
313174676,37.5,8600000,16,21,1
313178102,54.0,20700000,3,5,3
313181430,53.0,29400000,9,53,3
313185803,60.7,12600000,4,13,2
313186997,32.6,8600000,1,9,1
313187385,40.0,9000000,10,17,1
313189279,38.5,14500000,11,16,1
313193010,75.0,44900000,2,5,3
313193105,58.6,11840000,5,9,3
313194796,32.5,8400000,2,8,1
313197117,45.0,26990000,12,13,2
313197616,31.0,8800000,4,16,1
313198169,86.5,30875000,7,9,3
313199141,35.0,7000000,4,4,1
313206251,54.0,12290000,12,12,2
313207708,30.6,13000000,3,5,1
313224537,61.7,26500000,17,23,2
313238631,47.2,12800000,6,12,2
313254334,65.0,12900000,2,3,2
313256430,61.0,25990000,8,21,2
313256811,76.0,56900000,1,9,2
313257079,44.5,10999000,9,9,2
313257638,40.4,33800000,4,30,1
313273496,35.4,22500000,14,20,1
313289343,44.0,14190000,2,9,2
313290871,58.0,41999940,30,78,2
313296370,38.9,14900000,2,12,1
313301384,33.1,8950000,17,17,1
313305847,18.0,7300000,1,5,1
313307499,95.0,56000000,45,85,2
313322997,50.2,13200000,2,25,3
313329800,77.0,36000000,13,25,3
313340558,54.5,11500000,3,4,2
313341796,65.4,34500000,5,5,3
313347331,79.5,14990000,3,14,3
313347691,42.1,9100000,13,14,1
313348481,60.0,45000000,4,5,2
313348749,62.0,37200000,13,28,2
313352904,55.0,32600000,2,26,2
313353971,63.0,69900000,14,34,2
313370782,30.0,14500000,2,8,1
313373277,29.2,7200000,3,16,1
313373364,18.6,4270000,1,22,1
313373725,30.0,7100000,2,6,1
313378158,82.0,26999000,8,10,3
313379867,71.0,27999999,8,9,3
313381468,34.1,8300000,8,16,1
313387222,28.4,8590000,11,13,1
313389586,73.0,24950000,25,32,2
313390705,38.6,9800000,8,12,2
313392637,79.9,31687000,5,8,2
313392730,67.9,33000000,9,29,3
313394582,45.5,12900000,2,9,2
313407850,24.7,11800000,4,8,1
313408009,70.0,10399000,2,3,3
313411503,95.0,52500000,8,8,3
313419221,43.7,7700000,6,12,1
313421028,35.2,10700000,7,9,1
313422448,34.6,9100000,3,16,1
313423049,45.0,7000000,7,7,1
313434541,43.0,9550000,1,3,1
313436175,75.0,35950000,15,36,3
313441226,55.4,16500000,1,5,3
313446708,91.6,29200000,6,10,3
313456468,37.0,13900000,8,17,1
313460276,40.0,7680000,4,4,1
313464687,38.6,9300000,2,12,1
313467087,68.0,57500000,3,28,3
313475008,45.6,18700000,2,2,2
313475587,84.5,72500000,38,44,3
313475694,83.7,17450000,3,9,3
313477174,31.8,9950000,8,9,1
313479247,31.5,8500000,1,9,1
313479653,67.4,18000000,21,24,2
313479793,35.5,9350000,4,12,1
313479859,25.0,11400000,4,14,1
313480833,17.8,4000000,5,5,-1
313483842,65.8,30000000,16,28,2
313485709,44.8,16500000,2,12,2
313514559,53.0,16950000,9,9,2
313521655,87.8,20990000,2,15,3
313528263,44.6,13300000,2,9,2
313532269,79.9,26500000,1,17,3
313537206,73.0,25999900,8,19,2
313582240,42.6,17200000,21,24,1
313584974,77.4,19800000,10,17,3
313588401,53.5,13800000,14,15,2
313589159,20.5,7500000,1,6,1
313598440,35.0,8300000,1,9,1
313599541,53.4,14300000,5,14,2
313599656,47.4,12550000,8,16,2
313624558,34.0,19500000,16,33,1
313631915,84.0,21500000,16,17,3
313639454,38.4,8600000,16,17,1
313640113,40.1,35500000,6,41,1
313640173,75.0,60000000,28,41,3
313650046,34.6,7800000,2,9,1
313650113,59.2,20000000,18,19,2
313651231,69.1,70900000,6,10,2
313656228,60.0,20900000,7,8,2
313677137,86.1,47000000,8,14,3
313688416,64.0,35000000,2,25,3
313698406,52.0,17500000,4,12,2
313700981,45.0,7400000,1,6,1
313712731,62.6,15600000,12,12,3
313725824,52.4,21500000,12,14,2
313728976,40.0,10900000,7,24,1
313729106,38.8,13200000,7,14,2
313729344,36.0,8850000,9,17,1
313729951,68.7,20990000,7,25,2
313731013,51.0,14000000,16,17,2
313731701,38.4,10790000,12,14,2
313731749,36.2,8500000,1,8,1
313731766,39.2,7500000,2,3,1
313737969,31.6,6700000,2,12,1
313745975,66.0,46000000,40,42,3
313749763,40.7,9999000,14,16,2
313752323,72.2,20000000,9,22,3
313753990,70.6,37000000,9,14,2
313758515,35.0,6590000,2,3,1
313759036,37.5,14990000,8,9,2
313759095,51.9,21200000,11,12,2
313766758,32.3,8540000,16,17,1
313774631,52.3,12700000,9,9,2
313775061,49.5,52500000,3,6,2
313778473,88.4,30950000,6,17,3
313785034,75.5,23990000,12,12,3
313791651,43.7,8300000,11,14,1
313792061,50.9,8100000,3,3,2
313794918,38.0,13300000,10,17,1
313796162,50.8,15200000,10,17,2
313796810,33.9,7900000,5,12,1
313798055,66.6,31302000,2,6,1
313798800,47.4,22990000,11,21,2
313805818,52.4,12600000,1,12,2
313812310,42.0,17800000,7,25,2
313817231,54.0,20000000,1,9,3
313821017,63.9,35500000,2,9,3
313833367,57.14,93000000,2,9,2
313841030,57.0,34000000,23,36,2
313856307,38.0,36800000,14,26,1
313861778,59.4,21500000,5,22,2
313868361,46.0,24990000,7,25,1
313868365,85.6,52000000,3,37,3
313870813,80.5,27600000,12,17,3
313871103,47.0,18500000,3,6,3
313877521,33.2,8499000,6,9,1
313881272,70.6,91000000,2,6,2
313896920,20.0,6799999,3,5,1
313904686,76.0,37000000,6,8,3
313915112,60.0,15900000,9,9,3
313919020,35.3,7850000,3,4,1
313920515,72.6,22100000,5,5,3
313922914,78.0,25000000,7,22,3
313925597,50.8,13300000,5,9,3
313926087,34.0,9000000,3,12,1
313926205,88.0,90000000,13,34,3
313926928,65.0,29000000,17,53,2
313933519,75.0,35000000,12,14,3
313942680,61.0,31000000,10,20,2
313945749,70.0,50000000,12,13,2
313949312,35.0,15750000,10,21,1
313954129,51.1,16200000,1,5,2
313958092,60.0,19750000,8,17,2
313964453,32.7,8700000,4,9,1
313970330,32.6,9050000,7,9,1
313970623,74.9,43900000,5,13,3
313972453,34.4,9200000,12,12,1
313984874,82.6,55800000,15,43,3
313985043,53.0,11600000,5,14,2
313996442,42.1,9100000,15,17,1
314001225,44.0,10600000,5,9,2
314005889,61.5,13000000,8,12,3
314005996,52.0,28000000,3,16,2
314006329,68.0,13850000,7,8,3
314006911,16.3,5950000,3,6,1
314011317,39.0,22500000,20,22,1
314012155,37.6,5350000,5,12,-1
314012440,55.0,27000000,9,10,2
314016816,36.0,6500000,6,9,1
314019647,57.7,24500000,5,23,2
314030791,54.9,12290000,2,17,2
314037502,15.2,5500000,2,2,1
314038081,26.7,10800000,1,9,1
314038192,61.0,17498000,9,12,3
314038906,31.7,2640000,7,9,-1
314040279,53.2,17500000,11,17,2
314066620,64.0,34950000,6,20,2
314068086,65.0,38950000,12,53,3
314068401,70.0,30950000,13,17,2
314078600,34.5,8500000,13,27,1
314097212,37.2,5200000,4,4,1
314097528,90.0,60000000,2,5,3
314102202,34.7,16600000,6,29,1
314102206,46.0,17000000,19,33,2
314103917,45.0,8550000,3,3,1
314104410,30.1,9000000,3,5,1
314109046,92.0,55950000,12,23,2
314109932,39.5,7600000,4,4,1
314110468,43.0,15000000,5,5,2
314111624,98.2,58500000,5,18,3
314115343,93.4,23490000,5,5,3
314119669,46.2,33000001,31,42,2
314121949,31.6,8400000,4,17,1
314122186,38.0,8900000,4,12,1
314133589,75.2,48700000,3,12,2
314138274,75.9,72800000,3,9,3
314141270,32.7,8700000,1,9,1
314148039,71.99,30400000,3,31,2
314149346,40.0,12700000,3,14,2
314150370,65.2,16100000,4,14,3
314150502,74.0,72000000,8,11,2
314150845,81.6,44320000,10,22,2
314153626,46.0,14500000,6,12,2
314155074,53.0,13950000,13,23,2
314155209,47.9,20000000,20,21,1
314161159,32.4,8100000,4,9,1
314171750,32.3,9750000,1,9,1
314176482,74.5,45000000,7,16,2
314181508,48.4,29000000,13,21,1
314181510,47.0,23700000,46,52,1
314181511,76.42,31400000,11,11,2
314181512,38.64,18800000,29,31,1
314190257,83.3,41850000,14,21,3
314190423,60.0,18700000,22,22,2
314190570,47.0,21490000,10,12,2
314191536,55.4,19950000,10,25,2
314194751,93.6,70200000,14,14,3
314198799,99.2,57975500,2,18,3
314200769,58.0,22500000,12,17,2
314205722,29.4,11550000,5,9,1
314208076,83.2,64000000,14,25,3
314214380,66.1,77966246,4,7,2
314215206,78.58,63988000,11,12,2
314215681,71.4,84240145,5,7,2
314215966,32.0,17500000,22,25,1
314217814,37.0,11600000,1,16,1
314219308,44.5,17300000,5,14,2
314220403,49.0,29500000,17,28,2
314224246,66.5,31000000,21,38,2
314230831,40.0,12900000,15,16,1
314234509,35.0,12950000,13,19,1
314239183,58.0,28750000,7,25,2
314239362,45.2,23600000,8,24,2
314240087,73.0,61988700,5,14,3
314245968,96.2,32000000,12,33,3
314249158,40.3,8700000,8,19,1
314249521,53.5,16400000,8,16,2
314252582,96.0,83000000,2,12,3
314252852,71.0,14000000,2,3,3
314254039,38.0,13000000,1,12,2
314266779,35.0,31600000,21,21,1
314271165,57.0,29600000,6,9,3
314286109,41.1,14500000,14,22,1
314287577,88.6,77000000,28,41,3
314287939,40.0,6999000,2,3,1
314290246,56.0,26500000,20,31,3
314290681,44.9,14340000,4,9,2
314299531,38.0,10200000,7,14,1
314302603,60.0,14299000,3,9,3
314304114,61.5,55300000,2,8,2
314305753,65.5,33800000,9,12,3
314309689,35.0,10749000,3,12,1
314324223,44.6,9000000,2,9,1
314325384,32.1,10890000,2,9,1
314329961,57.0,30000000,3,29,2
314330451,78.6,27800000,10,21,3
314331919,64.4,19000000,12,16,3
314334128,50.6,22500000,2,12,2
314336553,36.8,9100000,5,18,1
314356422,57.5,22000000,5,5,2
314361343,58.0,36500000,28,41,2
314362092,46.0,11790000,1,9,2
314364576,82.0,24000000,12,18,3
314364643,40.0,39999999,9,14,1
314366250,78.3,21950000,11,16,3
314373271,30.0,8600000,8,18,1
314373314,70.0,16200000,1,5,3
314383482,82.0,45000000,10,21,2
314383871,63.0,25400000,20,20,2
314384210,60.0,37000000,5,30,3
314384483,70.2,25500000,8,16,3
314385616,53.5,16590000,8,16,2
314391064,38.0,19900000,7,9,2
314391878,57.0,13700000,13,18,3
314401734,38.0,8300000,15,17,1
314411947,84.2,44500000,5,23,3
314415264,34.7,8500000,3,9,1
314422270,66.0,41900000,13,40,2
314422944,41.0,10800000,8,18,2
314426476,90.0,17200000,10,14,3
314429231,34.0,8800000,2,9,1
314434050,38.3,8650000,2,10,1
314434351,78.9,91642952,4,6,2
314434410,36.1,11300000,9,17,1
314435256,97.6,22000000,16,16,3
314438930,45.1,12350000,4,9,2
314440365,86.0,35250000,8,10,3
314440965,35.0,8700000,9,9,1
314441826,60.9,43000000,17,28,2
314442967,95.5,79990000,30,85,2
314443815,95.0,87000000,17,53,3
314443961,69.0,53500000,8,14,3
314445606,36.0,14500000,8,15,1
314450071,57.1,37000000,5,6,2
314456935,70.0,52800000,10,17,2
314473073,69.7,83728243,4,6,1
314474523,68.5,86924544,5,6,1
314478735,42.0,15550000,10,16,2
314479318,72.5,16500000,2,14,3
314480838,69.7,90106007,5,6,1
314483091,76.1,19300000,2,5,3
314483553,80.9,28800000,12,14,3
314484539,71.0,82000000,3,21,2
314485282,34.0,9150000,8,9,1
314488055,40.9,13700000,5,5,2
314491810,87.3,55000000,4,14,3
314492955,32.5,9150000,5,25,1
314494511,71.0,31000000,7,10,3
314498214,31.8,9200000,8,9,1
314501791,65.9,34500000,9,24,3
314502123,65.9,34500000,9,24,2
314504728,47.7,22490000,3,10,2
314505509,33.0,3000000,4,9,-1
314507461,60.0,17500000,3,9,3
314508548,38.0,18300000,5,32,1
314512418,63.5,15750000,7,12,3
314517177,75.9,29500000,3,6,2
314529859,36.3,10500000,5,15,1
314535957,65.0,70000000,4,6,2
314536162,39.2,12000000,8,12,2
314538072,62.0,29800000,33,33,2
314538418,60.7,31500000,8,11,2
314539287,34.0,9990000,1,5,1
314542718,45.4,15700000,4,9,2
314547679,73.0,26000000,13,16,3
314548838,35.0,9200000,6,12,1
314554560,34.6,8999000,9,9,1
314556269,58.7,20990000,7,9,3
314557073,32.4,9490000,9,9,1
314561095,32.2,8200000,2,9,1
314561646,44.4,14999000,1,9,2
314563566,49.2,31000000,12,14,2
314566041,31.8,12600000,6,12,1
314576517,65.0,17499999,7,9,3
314578436,94.9,46900000,27,33,3
314580697,47.0,26300000,15,48,1
314586456,38.0,15200000,7,22,1
314588171,43.0,10950000,1,5,2
314594571,22.0,7300000,7,9,1
314605563,43.6,17600000,4,9,2
314610821,60.0,16800000,2,9,3
314617632,29.7,8800000,1,5,1
314620200,45.0,16500000,23,26,1
314628107,61.8,20500000,22,24,2
314628543,61.3,17700000,6,9,2
314629930,40.0,11400000,4,12,2
314629959,76.9,39999000,8,19,3
314634601,42.2,8499999,2,9,1
314636222,75.0,16900000,3,9,3
314639215,67.4,23700000,16,24,2
314643006,66.0,14300000,2,14,3
314645665,38.5,27800000,18,24,1
314645932,60.0,43000000,58,66,2
314646478,69.2,57000000,7,22,3
314655141,88.0,63000000,8,10,3
314672030,40.0,12700000,14,16,1
314692829,27.0,5990000,3,5,1
314695576,83.1,18500000,1,22,3
314699443,62.0,25990000,4,5,3
314701190,77.0,25500000,2,8,3
314701515,61.6,25050000,3,13,2
314702076,41.0,22600000,2,18,1
314702718,41.3,8900000,14,14,1
314716710,59.7,12500000,4,15,2
314717204,35.3,5600000,2,3,1
314721891,42.6,24000000,2,22,1
314723702,39.8,8500000,4,16,1
314724407,34.8,12690000,8,9,1
314730162,58.0,14600000,7,22,2
314730870,56.8,34900000,16,20,2
314730962,76.41,9000000,8,9,2
314733539,50.0,16900000,1,10,2
314739017,42.2,12000000,9,9,2
314739955,59.0,32340000,1,6,2
314740235,70.0,33000000,13,21,2
314740517,30.0,7290000,8,14,1
314742741,35.0,11850000,2,16,1
314746780,82.0,21199000,1,5,3
314747295,57.4,14600000,4,5,2
314748965,62.4,23230000,3,12,2
314748968,69.2,17500000,4,14,2
314748969,65.0,17500000,10,16,2
314748971,45.0,36900000,3,3,1
314748974,45.0,41400000,2,3,1
314749473,72.7,18300000,20,22,3
314749542,52.0,10900000,16,16,2
314750154,68.9,49950000,25,58,3
314756386,54.0,25800000,13,40,2
314761961,32.0,8500000,13,14,1
314763655,44.7,22900000,2,5,2
314772933,84.9,22900000,4,5,3
314773994,79.0,27730000,10,22,3
314774541,51.2,14300000,15,17,2
314779957,36.0,15500000,12,48,1
314780467,45.0,17000000,18,19,2
314784281,65.6,62999999,2,41,3
314785405,29.2,7999999,1,12,1
314787152,38.8,6500000,2,12,-1
314789753,32.0,18900000,2,9,1
314791001,33.0,12200000,1,10,1
314791156,38.0,11799999,15,17,1
314791922,53.0,37800000,9,9,2
314792037,62.0,32900000,12,38,2
314793342,32.6,8800000,3,9,1
314794773,77.8,18500000,6,14,3
314795707,70.0,40000000,9,9,3
314795864,60.2,25999000,14,26,2
314798458,79.6,31500000,11,25,2
314798459,50.3,32900000,4,32,1
314824898,41.0,16900000,11,16,1
314829521,29.8,6500000,5,5,-1
314832827,92.7,42500000,6,7,2
314833849,33.0,9500000,3,9,1
314834245,75.1,25500000,8,15,2
314834804,74.0,18500000,5,5,3
314839556,42.4,18500000,4,9,2
314840837,30.2,7200000,11,17,1
314843094,37.8,8500000,2,5,1
314844345,42.9,12000000,9,9,2
314844691,83.4,57900000,8,13,2
314845438,41.0,20999990,21,23,1
314845571,41.0,21500000,2,5,1
314846119,49.2,31000000,12,13,2
314846689,43.0,10850000,1,9,2
314846860,73.5,65000000,10,13,2
314847677,59.2,23000000,9,9,2
314848971,69.6,77500000,10,67,2
314849536,52.1,20490000,7,24,2
314851147,71.0,32500000,11,22,3
314851372,32.5,8900000,3,9,1
314860132,75.9,32333000,37,56,2
314875994,31.7,9000000,3,5,1
314876955,43.3,28900000,16,53,1
314887913,33.0,9200000,9,9,1
314888235,45.0,25700000,2,13,1
314889644,64.0,12450000,2,14,3
314895579,78.3,44400000,12,12,3
314896021,68.0,32400000,7,21,3
314896853,77.0,92400000,4,20,2
314897207,38.0,12800000,8,16,1
314897469,53.5,18750000,5,5,2
314902487,32.6,8400000,1,9,1
314904309,54.7,14490000,9,12,2
314905040,56.0,15280000,3,18,2
314905788,50.0,27500000,1,12,2
314906015,19.6,7100000,6,17,1
314906975,75.0,45000000,10,19,3
314912998,32.9,9000000,2,9,1
314924416,52.0,38000000,10,24,2
314926353,68.6,30000000,3,8,3
314927366,25.5,9000000,7,9,1
314929501,57.7,17000000,21,24,2
314932975,35.2,12300000,9,16,2
314933521,65.2,19300000,9,16,3
314940249,38.2,18400000,12,22,1
314940340,46.9,12599900,1,12,2
314940875,51.0,7649999,4,9,1
314942127,50.0,22000000,8,24,3
314942352,65.0,23000000,3,16,3
314942447,74.0,48000000,16,52,2
314944008,37.0,12000000,10,22,1
314945841,91.9,69000000,10,14,3
314947646,42.0,25500000,14,48,1
314947659,71.0,29800000,2,28,2
314948108,23.0,8000000,1,12,1
314949951,50.8,12800000,10,13,2
314950083,35.0,8100000,1,12,1
314950835,30.6,8500000,2,5,1
314951462,52.8,16500000,5,5,1
314952668,47.1,10699999,1,9,2
314957062,42.0,7999000,2,17,1
314957796,38.0,9200000,2,17,1
314971371,46.9,23150000,17,20,1
314971588,70.6,59000000,3,14,3
314974078,67.0,32999000,23,34,2
314975758,37.8,9000000,10,17,1
314978083,36.8,9150000,3,17,1
314979726,54.6,9700000,8,17,2
314981481,58.8,20500000,9,9,3
314982979,86.0,37100000,5,22,3
314993611,50.3,30500000,18,21,2
314993894,75.0,22500000,7,17,3
314994777,31.0,9490000,9,9,1
314995500,51.9,24500000,2,8,2
314999055,34.3,17500000,2,5,1
315000019,40.0,7000000,4,12,1
315000328,51.0,12500000,2,27,3
315003614,73.0,40850000,8,23,3
315007643,52.2,15500000,7,21,2
315009032,60.3,35000000,1,22,2
315011996,30.5,8950000,1,9,1
315020768,54.0,15990000,15,16,2
315022074,72.3,45000000,6,6,2
315023405,40.0,9000000,17,17,1
315025696,34.0,8100000,7,14,1
315027221,38.7,13500000,7,9,1
315034149,43.0,8250000,12,14,1
315034925,46.0,16500000,2,8,2
315036441,37.6,12000000,6,9,2
315038053,86.4,41000000,5,31,3
315039048,42.8,30490000,12,13,2
315041563,36.0,19950000,7,7,1
315042925,42.0,30490000,12,13,1
315044981,68.8,57500000,11,13,3
315045467,32.5,6500000,2,9,1
315045740,37.9,12500000,13,14,1
315049947,31.7,9150000,11,16,1
315052425,34.3,6300000,4,4,1
315052730,55.0,35000000,7,41,2
315052797,33.8,7900000,2,14,1
315055725,37.5,10900000,8,17,1
315057102,56.0,22000000,5,5,3
315059135,73.5,29000000,7,9,2
315059894,31.0,8490000,5,9,1
315061149,34.6,9100000,12,25,1
315062032,50.0,27000000,5,9,2
315063014,25.0,8000000,13,15,1
315065028,62.0,29800000,33,33,3
315076547,31.4,8500000,7,18,1
315076550,32.5,8950000,16,18,1
315076552,30.5,8400000,7,18,1
315076554,30.4,9000000,7,18,1
315076966,75.1,64490000,3,4,2
315077230,82.3,75839000,3,4,3
315079119,50.0,11700000,14,22,2
315084247,45.0,21000000,5,33,1
315086108,73.0,71500000,29,65,2
315086552,37.8,9200000,9,17,1
315090139,74.0,52000000,9,19,2
315090147,49.3,23500000,31,36,1
315094803,34.8,13000000,3,23,1
315097970,57.0,26000000,3,8,2
315099616,34.8,8750000,15,22,1
315100108,80.0,38900000,6,25,3
315101061,88.0,69990000,23,24,2
315101549,71.8,49900000,2,5,3
315101982,65.0,40500000,22,41,3
315104007,46.0,11200000,9,9,2
315105428,30.1,6400000,3,5,1
315106752,41.0,22500000,9,33,1
315110417,77.5,80000000,5,6,3
315111182,35.5,9000000,11,14,1
315116045,64.2,55900000,3,5,3
315117549,57.1,43900000,4,9,2
315127049,42.6,14250000,12,15,1
315129710,42.5,18000000,21,42,1
315131235,50.2,75000000,6,21,1
315138983,43.83,13750000,11,19,1
315139221,94.2,58000000,37,39,3
315139283,34.8,8900000,8,9,1
315141809,31.8,11800000,5,8,1
315142807,57.8,13400000,5,9,3
315148900,42.0,7490000,1,9,1
315149479,60.6,32000000,10,10,3
315150423,96.3,79000000,5,9,3
315151732,65.3,21500000,3,9,3
315153232,61.1,17800000,5,12,3
315154249,83.9,48500000,16,23,2
315160661,31.0,7200000,11,17,1
315163705,37.9,10800000,9,14,1
315163986,35.0,6750000,3,3,1
315165918,48.57,66960000,5,6,2
315165927,36.7,11900000,2,9,1
315168173,31.0,8150000,14,17,1
315176724,31.5,7990000,8,12,1
315177148,57.7,14300000,1,9,3
315179576,33.1,13000000,11,22,1
315186510,75.0,89000000,2,5,3
315187042,56.5,17300000,14,19,2
315187076,39.3,15600000,27,52,1
315188913,58.7,11300000,7,9,3
315191072,76.0,25000000,3,5,3
315191528,31.0,8600000,1,12,1
315191579,54.0,32307560,7,22,2
315192028,58.0,20290000,10,17,2
315192491,36.0,6800000,1,17,1
315192830,33.3,9200000,1,9,1
315196320,34.7,8800000,6,16,1
315196623,62.1,18650000,3,12,3
315198115,44.0,13950000,2,5,2
315200524,65.0,62000000,7,20,2
315203641,52.0,13800000,1,12,2
315203726,73.7,43000000,13,44,2
315205993,36.0,11700000,4,12,1
315207285,50.0,17450000,2,9,2
315209981,74.4,28490000,11,15,3
315213859,36.0,11190000,9,9,1
315215162,76.0,37900000,16,27,3
315217182,98.0,60500000,9,35,3
315219087,30.6,5300000,4,4,1
315221119,64.4,22600000,5,8,2
315221669,71.9,20500000,1,17,3
315222514,50.0,23990000,8,24,2
315223170,45.0,15800000,2,5,2
315223771,85.0,49500000,4,22,3
315233863,40.0,8800000,5,12,1
315236960,53.0,16950000,8,14,2
315238249,29.4,6100000,4,4,1
315241072,32.5,8799000,5,9,1
315244037,42.5,6450000,3,5,1
315244675,75.0,18700000,5,17,3
315244714,50.3,13750000,6,9,3
315246889,63.5,14400000,6,12,3
315247268,39.8,8488000,10,12,1
315248520,34.5,9000000,6,16,1
315249027,35.1,9000000,11,12,1
315250265,89.9,20000000,6,24,3
315252111,54.6,32599000,2,22,2
315253175,60.0,13800000,7,9,3
315253213,78.0,92880000,30,79,1
315253214,72.0,70000000,24,79,1
315253236,42.1,18500000,4,4,1
315253252,79.0,75000000,71,79,1
315253392,30.0,3900000,8,8,-1
315253533,64.5,17990000,10,20,2
315253803,58.0,23900000,2,9,2
315255373,27.0,11990000,12,16,1
315256990,50.0,11400000,9,9,3
315258141,63.0,12550000,4,17,2
315260321,94.0,69500000,9,20,3
315261721,73.7,44000000,3,13,2
315265880,57.6,16490000,11,16,2
315270137,58.5,24900000,3,24,2
315270194,84.6,80990000,24,32,3
315274448,79.2,73000000,5,6,3
315277786,81.0,17895000,23,23,3
315281672,45.3,16790000,30,33,2
315283643,54.4,11200000,9,17,2
315284385,75.0,20250000,2,7,3
315306246,32.0,8500000,1,9,1
315310290,45.0,15490000,6,12,2
315310385,32.6,16900000,8,23,1
315310959,37.9,21390000,2,10,1
315311613,62.9,11100000,2,12,3
315312416,69.0,18990000,14,14,3
315312454,32.1,9200000,8,9,1
315317397,34.7,22500000,5,28,1
315318185,56.0,26500000,3,30,2
315318861,71.2,40500000,3,17,2
315327889,46.1,12700000,2,5,2
315329257,38.0,9000000,16,16,1
315330483,35.1,11500000,12,12,1
315333115,51.6,16900000,9,15,2
315334101,46.8,16350000,24,25,1
315334918,44.1,12000000,8,9,2
315335437,53.1,49900000,9,9,2
315335442,49.0,46999000,8,10,2
315336270,58.5,18100000,9,28,2
315339829,60.0,26000000,2,21,2
315341896,30.8,10000000,5,9,1
315343012,71.1,67000000,13,14,3
315344201,59.6,8000000,3,5,3
315344827,74.5,20999000,9,16,3
315345114,32.0,16400000,6,9,1
315347213,60.0,59000000,8,28,2
315348333,65.0,14400000,11,16,3
315348985,44.0,49400000,3,5,1
315352031,39.8,8500000,10,12,1
315352504,57.0,9500000,12,16,2
315353416,35.0,6840000,1,3,1
315353932,57.0,26000000,7,8,2
315354114,30.6,12200000,4,9,1
315355184,30.0,10150000,2,5,1
315359287,34.3,9100000,6,12,1
315359756,38.7,12900000,1,10,1
315362371,47.8,16700000,5,12,2
315362374,55.0,20000000,12,13,2
315362421,26.0,10550000,4,4,1
315363712,33.5,27900000,19,32,1
315364610,37.9,19000000,9,25,1
315365256,63.0,69800000,15,32,2
315366067,65.0,28800000,16,16,3
315368142,73.0,17900000,6,16,3
315369370,82.79,28700000,13,18,2
315369592,44.6,7500000,4,16,1
315371511,31.6,9100000,13,25,1
315389404,51.2,12300000,17,17,2
315391457,99.4,28000000,8,12,3
315392010,75.2,1300000,10,16,-1
315392601,30.0,12999999,2,9,1
315393944,24.8,8100000,9,9,1
315394188,32.0,5800000,2,2,1
315395420,88.0,66150000,32,44,3
315396700,77.7,28000000,21,22,3
315397118,57.1,31000000,5,8,2
315401101,32.9,11200000,4,22,1
315403752,25.9,8700000,9,17,1
315405142,45.0,14950000,6,9,2
315408267,54.1,14800000,3,5,3
315413407,33.5,8500000,1,12,1
315414030,39.2,9200000,6,12,1
315414473,81.0,23990000,11,14,3
315415983,15.1,2700000,5,5,-1
315416143,80.0,36500000,4,4,2
315421339,38.6,8600000,3,4,1
315428152,53.7,18150000,15,25,2
315430404,42.0,34500000,15,41,1
315431034,29.5,8390000,3,9,1
315432169,27.0,9000000,5,9,1
315436841,46.1,10800000,8,9,2
315441530,29.3,8600000,5,12,1
315442618,66.6,17100000,1,16,3
315443794,34.0,8500000,11,23,1
315443823,37.1,10950000,5,9,2
315444637,67.0,34400000,5,22,3
315446251,42.0,10600000,13,17,1
315452030,30.7,7900000,2,4,1
315453479,39.1,8300000,3,12,1
315455809,65.3,23500000,3,22,2
315457131,59.0,34900000,22,22,3
315457610,53.2,14000000,5,8,2
315459705,39.1,10500000,11,18,1
315461712,61.0,21999999,3,34,2
315464182,36.8,9150000,5,17,1
315464254,33.8,11090000,2,16,1
315466204,60.0,14980000,24,24,2
315467417,40.0,13600000,14,16,1
315468039,37.1,15850000,3,17,1
315474038,57.9,15000000,9,9,3
315474858,75.0,23000000,7,17,3
315480131,32.5,9000000,5,9,1
315480569,65.6,13650000,5,17,3
315483295,55.6,20490000,14,14,2
315487434,58.9,22000000,17,25,2
315488537,47.6,21000000,6,9,2
315500861,37.2,19999999,2,9,1
315501788,63.3,24200000,2,7,1
315508063,79.0,19800000,19,22,3
315509023,75.0,76000000,6,8,3
315509113,38.5,9000000,14,17,1
315509154,51.0,13500000,5,9,3
315512146,85.0,39910000,3,4,3
315516340,56.6,25950000,10,12,2
315518371,32.8,8440000,1,9,1
315518659,39.8,6900000,9,12,1
315518679,80.0,15990000,18,18,3
315519326,90.0,43900000,10,22,2
315519605,64.0,23499000,19,22,2
315519849,34.0,10500000,1,12,1
315519854,43.4,11500000,8,9,2
315520413,43.4,14990000,3,5,2
315529190,74.5,17700000,14,17,3
315529382,67.5,20700000,15,22,3
315530709,60.0,17350000,3,17,2
315536323,37.0,10000000,6,7,2
315542238,49.0,6770000,3,3,1
315545050,35.3,10199999,9,14,1
315545622,38.4,18700000,4,12,2
315545992,46.7,6450000,3,3,1
315546323,46.7,6400000,1,3,1
315551786,54.0,15800000,14,14,2
315552326,41.0,12700000,13,14,2
315552639,38.9,3300000,2,14,-1
315556718,81.0,90000000,4,12,3
315559152,52.0,16300000,3,14,2
315560920,32.6,12500000,2,9,1
315561829,64.8,22200000,13,24,3
315564611,61.0,15600000,4,9,3
315564742,67.0,21000000,5,12,3
315564756,57.0,12500000,18,22,2
315564866,57.2,44000000,25,46,3
315568151,37.8,10000000,5,14,2
315569511,59.0,16650000,7,9,3
315572274,34.0,15700000,7,26,1
315584504,32.3,9600000,8,9,1
315585635,74.3,24000000,3,13,3
315585680,38.0,22500000,9,24,1
315586798,75.0,46700000,5,23,2
315590392,64.7,21899000,5,16,3
315590746,51.0,13900000,6,15,2
315591653,76.3,55000000,3,24,2
315594960,56.0,18400000,3,5,2
315598674,80.0,29500000,4,9,3
315604105,85.3,26250000,33,33,3
315606525,57.8,14600000,9,9,3
315608159,43.0,16093824,2,5,2
315611647,76.2,29000000,2,14,3
315612260,37.9,10200000,4,12,2
315614350,51.8,13900000,16,16,2
315615152,58.7,15000000,1,9,3
315622357,47.0,22500000,11,15,1
315628075,40.6,15500000,4,30,1
315629699,51.7,25000000,25,25,2
315633402,10.0,4490000,3,3,1
315633788,70.0,37900000,11,16,3
315633996,33.0,7500000,1,9,1
315634173,47.1,18200000,6,12,2
315634249,44.3,23850000,8,8,2
315634997,30.0,8300000,1,9,1
315635220,72.8,75000000,28,41,2
315637491,32.5,9000000,2,9,1
315639526,52.0,45300000,5,8,2
315640609,80.0,21450000,14,16,3
315641338,79.0,24500000,4,22,3
315641348,64.5,68500000,2,6,3
315641698,60.0,17300000,7,15,2
315642397,45.1,23800000,2,24,1
315643056,73.0,84000000,7,17,2
315643090,61.3,24000000,20,25,2
315644145,40.5,20500000,3,5,2
315644475,85.0,41999999,3,12,3
315644565,31.8,9700000,3,5,1
315644631,37.3,7200000,3,7,1
315644680,48.5,11990000,2,12,2
315645491,55.3,34800000,11,23,2
315647022,61.5,18400000,21,22,2
315651508,34.4,8000000,12,16,1
315652271,33.0,9050000,7,9,1
315657663,86.0,86000000,11,32,3
315658566,65.3,23300000,3,23,2
315659872,55.7,18700000,11,13,2
315660003,50.7,46000000,13,32,2
315661001,42.8,12500000,1,5,2
315661048,85.0,95000000,25,32,3
315661240,31.0,11900000,4,9,1
315661973,34.9,8500000,5,9,1
315662787,32.0,9999000,1,9,1
315663002,41.0,13970000,5,8,2
315664086,41.5,23190000,6,19,1
315664089,57.4,24990000,26,35,2
315665606,36.5,8400000,1,9,1
315665923,31.4,8300000,13,18,1
315677385,37.9,11499999,16,17,1
315680154,35.6,13500000,12,15,1
315684807,58.2,31500000,32,59,2
315687905,63.0,29900000,14,16,2
315688477,62.0,34300000,24,40,2
315689807,30.6,8100000,7,18,1
315689810,30.4,8600000,7,18,1
315689819,30.9,8400000,5,18,1
315690262,75.1,29300000,4,5,3
315691868,43.2,21700000,9,22,2
315693046,40.9,12500000,6,8,2
315696382,69.3,44700000,2,41,2
315698423,32.0,7200000,4,6,1
315701477,40.8,10600000,1,5,2
315705063,34.9,8700000,1,16,1
315707327,34.5,9000000,1,12,1
315714958,35.4,6100000,1,5,1
315722035,61.9,45350000,7,78,2
315722053,34.2,8550000,1,12,1
315722625,67.6,33000000,6,25,2
315722868,60.1,29000000,11,24,2
315723780,62.0,62000000,14,78,2
315729657,72.9,36500000,14,14,3
315732138,41.7,14890000,2,5,2
315745436,60.0,75000000,25,61,1
315746214,39.9,15400000,24,25,1
315750490,75.8,42000000,20,32,2
315752969,33.8,22000000,21,43,1
315754946,64.0,27500000,12,33,2
315756080,96.0,84000000,5,18,2
315757451,62.0,19600000,17,22,2
315761218,35.0,10489000,2,3,1
315761244,44.4,11000000,6,9,2
315764763,71.5,42900000,9,21,2
315767422,54.0,15600000,4,5,2
315775418,36.7,9100000,11,17,1
315776707,69.0,61998000,9,14,2
315776743,36.0,17000000,2,18,1
315781620,60.9,34900000,2,4,3
315782142,34.1,28098400,5,6,1
315790321,31.7,15300000,1,12,1
315793044,65.9,24000000,6,29,2
315795006,61.0,76250000,25,61,2
315796610,78.2,17500000,4,12,3
315796614,96.8,28999000,22,26,3
315800313,38.2,7500000,5,12,1
315801382,80.0,60800000,5,5,3
315803227,73.0,17700000,8,17,3
315805577,34.7,9200000,2,9,1
315806655,85.8,49980000,9,12,3
315813343,49.5,20500000,2,17,2
315814638,38.79,11700000,12,12,1
315815519,50.0,66960000,5,6,2
315816891,32.0,8000000,1,5,1
315817042,32.9,15500000,6,9,1
315818345,52.0,17450000,14,14,2
315820706,35.1,9500000,3,14,1
315825212,31.0,31450000,2,5,1
315826782,44.0,14000000,1,5,2
315828194,42.2,14500000,13,16,2
315828357,51.1,14500000,1,16,2
315831222,38.0,9200000,1,17,1
315831405,29.0,13800000,14,17,1
315833183,37.9,10500000,3,22,1
315833848,38.0,15400000,2,14,2
315834927,65.0,20500000,7,16,3
315835130,36.0,6900000,2,3,1
315848537,37.7,11990000,7,19,1
315853455,48.4,27950000,2,12,2
315856976,76.3,22000000,4,10,3
315857722,65.0,13150000,3,4,2
315858897,73.4,29500000,3,34,3
315859136,72.0,68500000,7,41,2
315859468,41.0,8800000,6,6,1
315860318,50.3,30000000,15,24,2
315860496,59.5,16000000,2,10,2
315861177,52.1,17000000,3,14,2
315861564,62.4,14499990,5,12,3
315862859,54.6,18300000,2,9,2
315864027,62.8,25450000,11,19,2
315866196,38.5,21150000,2,25,1
315866758,37.1,11500000,7,9,2
315867231,28.0,3900000,3,3,-1
315868016,74.0,33950000,12,25,3
315869983,36.8,7990000,1,16,1
315871934,75.0,57000000,5,24,3
315871996,78.0,43500000,7,24,2
315875979,43.1,16342812,9,19,1
315876289,37.7,14881553,7,19,1
315876369,37.7,9000000,2,15,1
315876688,95.4,52000000,12,13,3
315878687,35.0,10500000,4,6,2
315878926,35.1,7500000,1,4,1
315878944,36.0,9200000,16,24,1
315879099,31.6,9249000,2,12,1
315879104,32.7,9150000,6,12,1
315879112,85.0,39990000,11,26,3
315879137,34.4,17000000,5,23,1
315881193,93.4,75000000,7,40,3
315882291,84.0,49600000,41,47,3
315882469,39.9,7700000,30,48,-1
315883065,47.2,11700000,5,14,2
315884567,43.5,8600000,12,12,1
315887999,91.8,43300000,13,19,2
315888913,51.5,34500000,10,12,2
315898143,52.6,31500000,26,27,2
315898629,48.5,15990000,11,22,1
315901927,55.0,29700000,6,22,2
315904012,56.0,14900000,1,5,2
315904892,61.8,23490000,2,8,2
315905779,60.0,15100000,4,20,2
315909257,36.0,8500000,1,17,1
315909392,70.3,17400000,2,17,3
315910063,50.0,17500000,16,24,3
315912291,44.2,12000000,5,9,2
315912938,37.0,17900000,1,5,1
315913643,29.8,9200000,7,9,1
315913668,41.5,32000000,4,8,3
315913915,53.7,15190000,9,12,2
315914864,53.9,15600000,5,5,2
315915011,47.1,26500000,17,30,2
315923695,37.0,11400000,6,9,1
315924715,65.1,17500000,15,16,3
315928096,76.0,59900000,8,14,2
315929583,39.6,7500000,4,5,1
315930959,52.0,24400000,4,14,2
315931107,39.5,9200000,2,14,1
315932490,35.7,17300000,11,16,1
315932534,35.5,21200000,5,14,1
315932666,43.0,28950000,8,8,1
315935938,69.8,40900000,18,21,3
315937438,81.0,23500000,5,25,3
315941787,40.0,16450000,8,19,1
315944376,81.57,31425872,18,19,3
315944383,59.7,21993051,3,19,2
315952149,40.2,11599000,11,25,1
315952255,47.0,31600000,15,29,1
315954563,38.0,10400000,16,17,1
315956588,93.0,53900000,25,32,3
315956658,65.0,21000000,5,25,3
315957058,31.8,9500000,15,16,1
315959272,32.1,12500000,3,9,1
315959331,78.6,20900000,1,6,3
315959824,55.0,18900000,2,8,2
315960300,76.2,21250000,6,17,3
315960334,90.0,75500000,10,11,2
315961301,40.0,14500000,2,14,2
315961520,51.0,14500000,6,14,2
315963245,80.0,25700000,5,18,2
315964734,45.0,34999999,3,7,2
315965458,84.0,59000000,12,19,2
315965770,37.6,13300000,5,16,1
315970933,40.3,12950000,2,13,1
315971844,40.8,11600000,11,17,1
315972501,42.3,7990000,9,17,1
315973252,35.5,9200000,5,12,1
315973415,93.4,59000000,8,12,2
315973487,34.0,13400000,5,9,1
315973530,57.0,29700000,5,33,2
315973771,45.3,15300000,1,12,2
315975703,67.9,18000000,6,14,3
315975972,82.3,65000000,1,10,2
315976957,60.1,15600000,9,17,2
315976979,65.0,13700000,2,3,2
315977664,32.5,11000000,2,9,1
315977692,79.2,59000000,4,29,3
315978468,75.2,13800000,7,17,3
315980286,45.0,15800000,3,9,2
315980769,33.1,5150000,1,4,1
315983341,75.7,42000000,3,13,3
315986478,82.0,65000000,3,24,3
315986947,39.7,11299999,10,12,1
315987248,37.0,7950000,1,14,1
315987470,53.2,16500000,12,16,2
315987738,38.4,9980000,4,12,2
315988477,31.1,13700000,17,20,1
315996835,78.0,75000000,5,20,3
315998778,60.6,15000000,17,23,2
315999134,59.0,12300000,5,9,3
316004436,45.0,18450000,5,5,2
316005031,67.1,29750000,7,14,3
316005170,34.0,8200000,1,5,2
316005173,37.0,14200000,2,22,1
316007426,38.0,10600000,1,9,2
316007929,44.6,17200000,6,20,2
316008859,50.5,39000000,3,5,1
316011735,56.8,18500000,1,5,2
316015307,79.0,69000000,10,12,2
316018244,98.5,42900000,16,26,3
316018426,35.9,11900000,6,12,1
316018626,33.5,9100000,5,17,1
316020337,60.0,36000000,2,16,2
316020610,63.1,20300000,4,23,3
316021295,63.0,35000000,6,8,2
316021560,76.4,21999000,12,17,3
316023588,33.0,8900000,12,12,1
316026126,34.5,12899000,8,9,2
316027636,32.0,7900000,1,5,1
316027889,32.1,8800000,3,9,1
316029292,63.0,33000000,8,9,2
316030125,96.9,48800000,19,22,3
316033237,52.5,39500000,6,15,2
316033892,35.0,18000000,2,5,2
316035733,37.0,17500000,8,14,1
316037078,27.0,22440000,22,22,1
316041902,82.0,37000000,18,19,3
316042120,32.5,13290000,8,9,1
316054182,41.6,23000000,3,6,2
316054922,50.0,25600000,6,10,2
316056528,71.0,54900000,37,41,3
316059080,51.8,23000000,16,17,2
316061830,90.0,40000000,22,24,3
316064238,71.7,20900000,2,7,3
316064919,68.0,43000000,5,7,3
316068294,34.0,14000000,7,16,1
316070870,99.0,69900000,7,10,3
316070882,85.0,56500000,6,28,2
316071062,42.3,28000000,4,14,1
316072059,58.0,16000000,13,20,2
316073366,45.0,16300000,3,14,1
316073797,42.0,23700000,22,49,2
316079194,93.4,53300000,29,32,3
316079427,39.6,12250000,12,12,1
316080337,35.0,8900000,5,8,1
316080993,36.0,8100000,3,13,1
316081119,75.4,27500000,7,12,3
316082210,34.1,9100000,5,17,1
316082837,86.8,18999000,3,7,3
316086410,43.0,17991000,1,9,2
316088392,64.2,19650000,9,9,3
316089589,61.0,19997000,10,22,2
316090194,38.0,10800000,1,9,2
316090434,49.0,13800000,11,12,2
316094909,60.0,21950000,7,25,2
316103714,64.0,16700000,4,14,3
316106135,36.2,23800000,6,20,1
316109089,38.9,9000000,4,8,1
316110703,60.9,18500000,12,14,2
316113346,42.0,8000000,9,17,1
316114217,36.0,9000000,9,12,1
316115054,69.2,25300000,20,24,2
316115095,54.7,23000000,16,21,2
316115643,46.5,35900000,18,35,2
316115971,37.7,14000000,1,14,2
316117452,98.0,95000000,35,41,3
316119922,63.8,27499000,21,47,2
316120551,91.5,60000000,4,8,3
316123376,57.0,31900000,10,12,2
316125122,32.7,10200000,3,9,1
316126345,70.3,19400000,4,8,3
316126408,39.0,11350000,10,12,1
316126633,45.0,14200000,5,12,2
316129011,80.4,41000000,9,9,2
316133289,45.0,9400000,9,9,2
316135912,42.3,8650000,7,12,1
316136082,79.5,41000000,12,22,2
316138851,97.0,35990000,6,16,3
316158239,67.5,45320000,9,22,2
316159920,52.0,13800000,5,9,3
316160055,70.0,41500000,20,44,3
316160887,37.8,11200000,2,22,1
316161560,75.0,51950000,17,19,2
316163973,48.5,11590000,4,9,2
316165142,41.3,20500000,16,25,1
316166616,43.7,20990000,22,46,2
316171173,36.0,17500000,13,27,1
316171447,80.0,49990000,39,41,3
316171861,31.6,8700000,4,12,1
316172077,91.0,44000000,16,16,3
316173636,76.0,38600000,12,51,3
316174395,45.0,15000000,5,5,2
316174787,76.0,44000000,5,41,3
316175033,59.5,16500000,1,9,3
316175247,63.7,37990000,23,34,3
316176650,32.4,10000000,8,12,1
316177228,19.7,8500000,10,22,1
316177834,48.0,14000000,8,45,2
316178032,34.2,7800000,1,16,1
316179906,56.0,35000000,14,41,2
316186265,36.5,8600000,14,14,1
316187462,63.0,18000000,17,24,2
316187703,37.0,19800000,6,16,1
316188638,31.0,12900000,8,9,1
316188905,54.0,20000000,3,16,3
316189192,45.0,16800000,8,25,2
316189547,40.0,13900000,2,12,1
316195475,92.0,55250000,11,16,3
316195899,37.4,15700000,3,21,1
316197592,68.0,22400000,5,12,3
316201068,19.0,7300000,10,10,1
316201070,72.0,36990000,13,17,2
316201119,82.0,32000000,6,7,3
316201196,90.3,69900000,7,24,3
316201199,77.0,43500000,3,37,3
316201211,78.9,38090000,16,26,3
316201215,79.4,68400000,19,21,2
316201242,35.1,34900000,21,21,1
316207341,43.5,27650000,9,43,1
316209402,70.0,23200000,14,16,3
316210989,66.8,19900000,8,15,2
316214294,84.6,37900000,4,8,3
316214507,40.0,16490000,8,9,2
316214537,49.2,11600000,6,16,2
316215206,44.0,28800000,17,34,2
316216037,54.0,21800000,8,8,2
316218217,32.8,7500000,1,9,1
316218707,60.4,17999000,17,17,2
316219087,42.6,14500000,9,16,1
316219121,58.2,14299999,16,16,2
316220786,38.6,14450000,7,14,2
316220863,35.5,12900000,2,16,1
316225790,35.7,9800000,5,17,1
316226849,51.5,14500000,8,12,2
316234372,43.0,17400000,6,17,1
316235665,52.2,16900000,14,17,3
316236023,56.0,22400000,8,9,2
316236224,55.3,22900000,15,22,2
316237106,77.0,15950000,1,17,3
316238111,38.0,22400000,8,9,2
316239080,58.1,6800000,1,5,1
316239099,80.0,52900000,10,14,2
316239113,84.0,55500000,41,41,3
316241598,36.8,15650000,2,22,1
316243408,36.0,8300000,6,15,1
316243521,35.5,8990000,3,9,1
316244683,29.7,10900000,8,12,1
316245266,47.0,13200000,3,12,2
316245416,62.0,36500000,20,23,2
316245866,52.2,13800000,3,3,1
316245940,31.0,10000000,3,5,1
316246668,66.5,27000000,6,9,2
316247456,30.4,9100000,2,9,1
316249159,44.0,18900000,2,5,2
316251120,91.0,20500000,5,20,3
316251242,84.0,28990000,7,17,3
316256052,59.3,34000000,6,12,2
316257336,95.7,34000000,5,22,3
316258419,53.0,12200000,1,9,3
316259476,51.0,25490000,6,12,2
316260969,57.4,15550000,4,9,3
316266533,44.7,7400000,1,3,1
316266657,78.7,38000000,18,33,3
316267113,71.0,19900000,7,17,3
316273401,81.0,31950000,26,37,3
316273407,36.4,13250000,3,10,1
316274011,32.6,8350000,6,12,1
316274866,55.0,87500000,3,4,2
316276548,34.0,8700000,15,22,1
316277825,55.0,28700000,11,41,1
316279719,69.6,21950000,6,8,3
316281559,63.7,9000000,5,5,3
316282341,42.0,24900000,3,14,2
316282347,33.0,8700000,5,9,1
316282357,31.5,8800000,3,9,1
316284837,50.0,26500000,3,14,2
316285431,35.3,5750000,3,4,1
316288067,57.4,15100000,8,17,2
316289468,60.3,17900000,8,11,2
316289536,33.0,9300000,8,9,1
316289540,50.0,22000000,2,33,1
316292950,48.9,17900000,8,24,1
316293233,32.7,9000000,7,9,1
316293331,78.0,19400000,16,16,3
316293438,68.0,32950000,10,19,2
316295970,51.5,10500000,11,12,2
316296370,37.8,20990000,8,30,2
316296379,39.5,12800000,9,24,1
316296947,45.7,23000000,4,23,2
316298865,87.6,30800000,2,24,3
316306684,51.8,18200000,3,14,2
316307080,46.7,10250000,17,17,1
316311454,49.9,12900000,2,14,2
316311683,43.2,14000000,1,5,2
316311723,59.7,15400000,2,9,3
316312777,92.0,63900000,7,13,3
316312922,34.0,8800000,6,9,1
316313257,32.6,8490000,1,9,1
316314281,81.0,34000000,20,38,2
316315915,62.0,29900000,18,18,2
316316573,48.9,13100000,9,9,3
316318288,34.5,11400000,6,16,1
316318299,31.4,9150000,9,17,1
316320692,37.0,11300000,8,12,1
316321310,35.0,5000000,4,4,1
316321471,61.4,30000000,3,5,3
316322439,51.8,15199999,11,22,2
316322809,45.2,12500000,3,9,2
316323596,54.4,16500000,5,7,2
316324230,57.7,75000000,2,8,1
316324755,32.0,14500000,14,25,1
316326466,48.0,15880000,11,12,1
316328629,63.7,26000000,3,15,3
316328937,82.5,47900000,16,21,2
316330536,70.2,20990000,7,12,3
316332296,30.9,10490000,6,9,1
316332723,55.4,19500000,2,8,2
316333450,54.7,21950000,2,5,2
316338063,44.7,7950000,2,3,1
316338134,58.0,15450000,9,16,2
316338470,56.0,20799999,13,23,2
316338561,66.9,91000000,30,61,2
316340261,38.0,8000000,7,11,1
316341957,67.7,16600000,16,25,2
316342954,39.5,14400000,9,17,1
316343295,44.0,12200000,1,24,2
316343969,40.1,9000000,17,17,1
316360090,76.0,22550000,4,22,3
316361853,51.2,15000000,8,17,2
316364671,33.3,9950000,1,9,1
316365858,41.0,12700000,12,25,1
316368709,39.0,9690000,2,5,1
316369063,69.8,22300000,9,13,3
316369718,42.0,5900000,4,7,1
316370137,30.0,8790000,5,5,1
316370172,76.0,16300000,3,13,3
316372806,41.0,8990000,5,12,1
316373505,50.5,21000000,1,5,2
316375730,68.9,50200000,10,14,3
316377959,33.7,9990000,1,12,1
316378986,70.5,26500000,12,24,2
316379235,54.0,17000000,4,16,2
316384652,51.4,30300300,13,16,2
316384913,37.0,8745000,10,17,1
316385318,56.0,29900000,4,4,3
316385728,50.3,15700000,3,16,2
316386174,41.5,30256862,16,20,1
316386439,89.6,39979520,2,16,3
316387411,58.0,27000000,2,8,2
316387733,43.0,11200000,9,9,2
316388866,90.4,50800000,14,20,3
316390027,70.4,40000000,5,12,3
316391489,70.0,21500000,22,23,3
316403703,54.2,27000000,9,10,2
316405493,60.0,38000000,2,5,2
316409224,72.2,20750000,6,14,3
316409911,42.9,6900000,3,3,1
316410116,57.0,34500000,6,8,2
316411858,46.0,25500000,2,23,1
316412210,38.0,10600000,5,14,1
316412228,60.0,51900000,10,24,2
316412538,38.1,12990000,16,17,1
316412702,80.0,42000000,9,9,3
316413303,41.0,16990000,14,14,2
316413429,96.4,96800000,3,6,3
316413600,39.0,14750000,9,9,2
316414475,64.1,24540000,24,33,3
316415284,44.1,15200000,5,9,2
316415816,38.6,17499000,42,47,1
316417852,57.7,17400000,2,15,3
316418908,35.0,9780000,9,9,1
316419375,97.0,95000000,2,4,3
316419923,58.0,11700000,6,9,3
316419944,86.0,46500000,10,10,3
316421911,33.0,8980000,3,5,1
316422147,52.0,26950000,7,43,2
316425215,70.0,35500000,2,20,3
316431832,34.8,14500000,2,12,1
316438747,51.2,20499999,2,16,2
316439553,38.0,9000000,1,3,1
316440004,87.8,60900000,11,21,3
316440107,82.0,30000000,12,23,3
316440445,43.2,11800000,1,9,2
316447569,30.4,14500000,1,5,1
316448516,28.5,9000000,9,22,1
316449343,60.2,19000000,9,16,2
316449363,65.7,49000000,8,36,3
316450336,40.0,10000000,5,12,1
316450361,58.0,21580000,18,25,2
316450408,69.0,16649000,5,9,3
316450420,63.0,18800000,11,12,3
316450494,58.0,15000000,9,9,3
316453422,47.6,11990000,3,9,2
316455056,43.0,8000000,13,14,1
316461995,38.9,10200000,5,14,1
316463919,34.02,5700000,1,3,1
316464380,61.1,32800000,13,29,2
316467337,55.9,28000000,15,17,1
316473026,33.1,9200000,7,9,1
316474495,36.0,9000000,7,9,1
316476922,51.7,12800000,4,17,2
316477724,30.2,7650000,1,9,1
316483254,72.0,79500000,6,6,2
316483664,53.0,24000000,13,17,2
316483819,52.0,18500000,13,18,2
316484442,50.2,16150000,7,16,2
316484959,54.0,29900000,2,16,2
316486640,37.5,18500000,9,29,1
316487540,37.1,21500000,8,10,2
316491080,33.0,8000000,1,9,1
316491591,68.0,35000000,37,49,3
316493229,69.5,21900000,3,14,2
316493773,38.0,9200000,10,17,1
316495565,40.8,13500000,7,9,2
316496371,64.8,65000000,6,9,2
316497338,44.0,13990000,13,17,1
316497423,78.5,21000000,14,23,2
316497637,42.4,9500000,4,9,2
316498844,34.3,11000000,4,19,1
316499151,30.0,9900000,7,9,1
316499489,35.0,25800000,8,9,1
316499706,30.2,6600000,3,4,1
316510401,37.6,10900000,16,17,1
316511017,80.3,22000000,4,10,3
316511200,59.4,24750000,7,8,2
316511497,57.0,35000000,16,20,2
316514982,80.0,13990000,7,9,2
316516162,59.0,15200000,7,9,3
316516799,39.0,18900000,5,25,2
316516985,45.8,14000000,14,14,2
316517006,42.0,18990000,17,21,1
316523719,62.2,29400000,3,8,2
316534663,35.0,8300000,9,9,1
316535443,56.0,16900000,2,22,2
316535505,58.0,26000000,5,9,2
316537237,46.0,17450000,8,25,2
316537632,35.1,9800000,2,9,1
316537766,37.7,14990000,10,24,1
316537948,38.4,11450000,9,12,1
316538763,53.6,13300000,12,16,2
316539388,66.0,52700000,19,41,3
316539885,32.0,14650000,1,9,1
316540268,40.0,8500000,1,6,1
316544235,67.2,28000000,5,9,2
316545413,74.1,37000000,4,12,2
316546059,60.1,16500000,16,17,2
316558447,30.7,6900000,4,5,1
316559309,33.1,8300000,1,9,1
316560118,32.7,8800000,6,9,1
316560575,37.3,11500000,9,9,2
316560642,35.2,8400000,1,5,1
316563108,26.0,9000000,7,9,1
316563307,54.1,16100000,5,16,2
316563564,39.4,9150000,2,14,1
316565546,40.0,11000000,2,12,1
316566240,39.0,15400000,21,25,1
316566544,33.0,9890000,3,9,1
316569424,52.0,12900000,16,16,2
316569620,31.9,14650000,9,14,1
316570179,70.5,22500000,9,12,3
316570308,66.0,82000000,3,12,2
316570351,82.1,45000000,10,12,3
316572140,91.0,42340000,10,49,3
316572259,53.0,81090000,5,7,2
316572517,60.6,55950000,7,9,3
316572791,38.0,8400000,1,16,1
316577142,52.0,26000000,3,6,2
316584477,88.0,45400000,9,32,3
316585052,40.0,13500000,5,22,1
316585431,74.2,44950000,22,41,3
316586688,32.8,8300000,9,9,1
316587805,61.2,15950000,11,35,2
316588176,78.0,23000000,3,7,2
316588921,60.0,16990000,6,17,2
316592376,95.7,34800000,12,38,3
316592686,30.3,16000000,16,24,1
316593885,60.0,30500000,9,30,2
316594777,32.5,9000000,9,9,1
316595269,80.4,39900000,13,13,3
316597998,55.7,16000000,8,17,2
316598238,66.0,29990000,9,28,2
316598429,55.2,28000000,2,9,2
316598724,60.4,19900000,10,14,2
316599449,78.3,16700000,15,25,3
316600707,30.1,8500000,1,12,1
316601396,76.0,24500000,5,15,3
316604052,39.6,11200000,8,17,1
316608229,59.0,18000000,15,17,2
316610836,42.0,18000000,3,15,1
316612249,66.2,16500000,4,12,3
316614495,67.5,33500000,6,10,2
316614908,48.0,44900000,11,41,2
316615602,46.2,18500000,7,17,2
316616069,43.4,18200000,2,5,2
316621046,43.1,11200000,4,5,2
316623553,44.7,31500000,22,32,2
316624770,31.7,8350000,1,9,1
316626019,38.9,11600000,4,12,2
316626361,85.0,90000000,53,68,2
316626829,36.5,10400000,4,8,2
316626936,40.0,13900000,22,22,2
316627670,44.2,12000000,1,5,2
316627715,75.3,45700000,10,21,2
316627739,39.2,8800000,1,14,1
316630804,60.0,12900000,1,3,2
316630991,34.0,10800000,3,16,1
316631135,36.2,7500000,9,9,1
316633750,71.6,18800000,1,16,3
316634002,72.8,67900000,33,41,2
316635435,29.5,9000000,3,12,1
316635646,60.8,15990000,7,9,3
316636190,39.4,8980000,1,14,1
316636853,37.0,6200000,3,5,1
316637881,32.6,8700000,3,9,1
316638729,38.3,10900000,4,17,1
316638914,11.6,5800000,4,4,1
316640503,31.9,9200000,1,5,1
316640575,38.4,13500000,8,12,2
316642368,78.3,22750000,3,5,3
316643514,32.5,7600000,8,9,1
316643576,38.4,6885000,16,17,1
316643623,30.9,7414000,15,16,1
316643869,37.3,19990000,2,30,1
316644185,49.1,21750000,13,18,1
316645975,67.7,19000000,3,9,3
316647027,34.2,9500000,12,17,1
316652592,45.8,10200000,5,16,1
316653262,59.1,15550000,5,9,3
316657377,32.0,8900000,5,9,1
316657412,27.4,7164000,21,21,1
316659049,31.8,7500000,1,9,1
316660607,41.3,15000000,3,5,2
316661265,78.0,34800000,9,22,3
316662621,76.0,30200000,8,11,3
316662979,23.7,9000000,2,5,1
316663650,73.0,21550000,7,17,3
316664951,91.0,60000000,36,85,2
316667773,32.5,8250000,9,14,1
316668029,38.7,10370000,2,12,2
316669896,32.9,8600000,2,9,1
316672198,54.0,15550000,14,17,2
316672928,70.0,35700000,13,21,1
316673015,95.1,49520000,3,26,3
316673145,80.9,7500000,12,17,-1
316673351,68.9,33368000,2,26,1
316673355,42.0,8800000,14,15,1
316675664,93.0,95000000,3,7,3
316676281,64.0,14500000,7,17,2
316677287,44.9,13900000,5,5,2
316677884,58.0,21999000,25,27,3
316679036,32.0,9800000,3,9,1
316679409,39.0,19400000,8,12,1
316680707,63.0,55000000,12,34,1
316683621,40.0,22000000,4,17,1
316684654,78.0,34700000,17,17,3
316686800,74.0,19000000,3,17,3
316687555,70.0,27500000,21,25,2
316688169,35.2,10450000,12,12,1
316688877,67.0,33500000,8,53,3
316690234,81.0,17500000,4,17,3
316690426,41.89,8000000,6,12,1
316691529,92.1,39900000,10,15,3
316691530,32.5,9100000,4,9,1
316693024,55.1,21000000,4,9,3
316694392,56.0,23500000,11,16,2
316694960,46.0,11500000,4,9,2
316695008,93.8,75000000,16,23,3
316695023,36.1,6200000,1,5,1
316695062,39.0,8990000,2,14,1
316695963,33.2,22000000,3,32,1
316703561,30.5,12300000,4,9,1
316706916,65.7,16750000,8,22,2
316708732,40.4,18500000,3,43,1
316710005,83.6,76076000,23,32,3
316714019,40.6,9990000,11,16,1
316714139,53.9,12500000,1,5,2
316714563,85.0,58200000,21,27,3
316715465,32.7,8000000,2,5,1
316715553,54.7,12600000,16,17,2
316715610,44.9,14400000,2,5,2
316716285,67.0,42600000,7,12,2
316717000,49.6,66960000,5,6,2
316718882,67.3,37000000,5,5,2
316719501,38.4,21000000,3,11,2
316721085,27.7,8600000,6,12,1
316721155,76.0,65000000,2,9,3
316721408,39.0,9000000,9,24,1
316721950,60.5,20800000,8,22,2
316723536,42.9,10700000,17,22,1
316724304,63.4,15450000,3,9,3
316724707,45.9,14300000,2,19,1
316726678,73.0,64900000,79,95,2
316730925,40.0,12990000,8,22,1
316731215,35.1,15000000,10,12,1
316731981,35.4,29800000,6,12,1
316732364,35.5,8300000,1,12,1
316733319,52.0,15990000,5,5,3
316733885,89.7,18900000,10,17,3
316734489,77.0,50000000,8,41,3
316734776,45.0,12499990,9,22,1
316734796,73.5,29900000,7,10,3
316735544,94.0,79000000,14,20,3
316736375,59.0,43500000,7,41,2
316737372,71.1,25200000,7,8,3
316737928,82.5,30000000,7,8,2
316738078,63.2,19300000,3,12,3
316738721,33.7,17500000,5,9,1
316738895,37.9,12500000,14,16,1
316739972,49.0,16920000,19,20,2
316740670,63.3,32500000,4,19,2
316740849,84.0,76000000,10,34,3
316741191,60.0,19300000,7,9,2
316741419,58.8,15000000,3,9,3
316742689,35.0,8900000,2,12,1
316744179,38.5,13800000,12,17,1
316744583,75.0,43500000,10,18,3
316745087,40.0,31000000,6,41,2
316748434,58.1,20500000,9,12,3
316749218,53.3,25500000,24,30,2
316750054,31.5,8300000,4,14,1
316762537,60.0,14500000,4,9,3
316764294,70.0,31000000,4,34,3
316764770,36.08,8250000,7,10,1
316765287,53.8,12300000,3,17,2
316767081,53.3,16200000,5,5,3
316767467,63.1,16500000,2,5,3
316767519,34.8,8100000,7,9,1
316767637,58.38,35950000,7,16,3
316769048,40.0,14000000,8,14,2
316769372,39.2,8500000,3,14,1
316770201,58.7,14990000,17,22,2
316770523,34.5,9000000,7,13,1
316770653,65.0,34990000,20,22,3
316771952,51.1,19500000,3,5,2
316773505,88.2,65000000,7,19,3
316775549,73.0,62500000,2,4,2
316777017,60.0,31490000,12,22,2
316777549,41.4,18400000,28,32,1
316778923,36.2,9550000,3,25,1
316778968,37.5,11500000,2,19,1
316780495,42.7,27700000,8,11,1
316781099,65.2,68000000,4,21,2
316781287,46.0,10999999,4,14,1
316783487,40.0,25100000,17,23,2
316786779,32.1,7100000,6,18,1
316787591,33.3,5300000,3,4,1
316788139,64.0,69000000,22,67,2
316788554,37.6,11400000,12,17,1
316791851,70.0,35000000,1,5,3
316792355,60.2,19490000,11,21,2
316794073,65.0,68000000,7,11,2
316794161,55.5,13700000,4,5,3
316794511,75.0,18500000,6,12,3
316794867,54.0,15299000,4,17,2
316795429,65.6,84900000,4,6,3
316795476,48.6,12650000,5,9,2
316795883,14.0,4900000,2,4,1
316797047,75.0,18300000,9,14,3
316797134,53.0,14990000,10,17,2
316797164,56.2,15500000,5,23,2
316797316,95.3,28000000,21,25,3
316797751,45.5,30000000,5,5,2
316798322,86.0,42200000,5,16,3
316803022,50.1,16500000,8,14,1
316803866,30.1,5900000,1,5,1
316812331,45.0,2650000,3,9,-1
316812941,85.5,34950000,3,8,3
316813304,79.0,61500000,5,13,2
316813342,33.3,8100000,2,9,1
316816099,37.7,7700000,11,12,1
316818119,51.0,23950000,13,18,3
316818423,39.0,9000000,3,12,1
316819736,36.6,8500000,9,12,1
316820540,60.0,49950000,4,11,2
316820710,60.0,22000000,6,14,2
316821127,93.0,81000000,1,6,3
316823593,47.0,18000000,19,25,1
316824526,39.0,8500000,7,14,1
316825029,33.0,6800000,4,9,1
316826562,38.8,11000000,3,14,1
316826848,78.3,34700000,17,17,3
316827414,54.0,12500000,12,17,2
316827473,92.0,43500000,2,12,3
316828423,52.0,24200000,3,14,2
316829471,64.1,18700000,2,9,3
316830268,32.0,12750000,5,9,1
316831450,36.4,8000000,3,14,1
316833809,40.1,6000000,1,4,1
316839109,76.0,23350000,16,22,3
316843098,34.4,8300000,1,12,1
316843116,34.1,17990000,2,15,1
316844911,67.0,33000000,7,17,2
316845703,44.4,14800000,2,9,2
316849095,75.0,44490000,3,21,3
316849964,30.2,6800000,4,17,1
316850193,34.0,14500000,3,19,1
316850329,30.0,6800000,17,17,1
316850708,59.35,24500000,9,14,2
316851162,44.3,13100000,1,9,2
316851987,37.0,9200000,10,18,1
316852955,46.0,13950000,3,5,2
316853432,62.0,31999990,46,47,2
316853437,37.8,11800000,9,17,1
316853608,83.1,29900000,12,12,3
316854672,62.7,23990000,2,24,2
316855148,78.6,35000000,7,7,3
316855676,15.1,8305000,2,2,1
316856463,62.0,16700000,9,12,3
316856670,39.5,21990000,47,52,1
316869646,63.8,25314894,4,5,2
316870491,28.5,8900000,11,16,1
316870546,51.1,55000000,17,32,2
316870873,36.8,8700000,7,17,1
316874365,31.0,9500000,3,5,1
316874956,30.0,16900000,15,23,1
316876375,39.8,8500000,22,24,1
316877121,42.7,7300000,2,3,1
316877872,75.5,22300000,11,15,3
316878724,51.0,20999000,10,22,1
316880461,74.8,43980000,8,12,3
316881217,50.0,30300000,6,7,2
316881336,45.0,12800000,3,9,2
316882549,56.0,20350000,10,25,2
316882562,52.3,10700000,1,12,2
316884858,43.6,16990000,10,15,1
316885073,37.0,15200000,15,24,1
316885292,73.9,17700000,14,16,3
316886186,32.7,8650000,5,9,1
316886906,55.0,14990000,3,16,2
316887924,51.0,10349000,2,9,3
316889181,38.0,9100000,2,3,1
316889389,37.4,8500000,12,16,1
316891456,72.9,29499999,3,14,2
316891459,52.5,17500000,6,15,2
316893846,57.5,18500000,3,4,2
316894215,35.3,8790000,5,12,1
316895841,70.3,27780000,8,12,2
316896330,45.0,24800000,8,25,1
316897050,30.3,6000000,3,5,1
316897095,39.0,11000000,10,12,2
316898617,80.0,35000000,7,7,3
316898650,34.4,8500000,5,15,1
316898838,36.0,8800000,8,22,1
316900208,82.2,85000000,4,37,3
316902351,33.2,7600000,1,9,1
316903027,52.8,19000000,12,14,2
316903484,38.9,11500000,3,14,1
316903776,30.8,9000000,3,9,1
316904074,15.2,7600000,3,4,1
316904890,21.0,9000000,4,9,1
316905036,35.6,8500000,8,14,1
316905368,81.2,77000000,7,12,3
316905716,38.0,15000000,16,16,1
316907414,61.6,20500000,10,20,2
316907732,42.1,22400000,22,24,1
316907847,56.4,15999000,5,9,3
316908637,31.4,15000000,5,9,1
316909186,51.0,19999999,8,12,2
316910713,35.6,8800000,11,12,1
316912177,31.0,12800000,1,5,1
316922902,44.4,14000000,7,12,2
316927195,87.6,59800000,8,44,3
316927348,30.0,6570000,9,12,1
316927764,57.9,14500000,1,9,3
316927770,34.0,14000000,11,22,1
316928024,36.0,19800000,7,10,1
316928525,70.0,75000000,4,10,3
316929034,90.0,23500000,5,14,3
316929123,33.0,8500000,10,17,1
316931048,56.5,24990000,2,15,2
316931969,16.0,8700000,2,3,1
316932856,83.6,76912000,24,32,3
316932959,28.7,8600000,3,18,1
316933648,42.2,14400000,15,26,2
316934118,36.0,8600000,4,12,1
316934591,70.23,39900000,8,39,3
316935952,38.0,7600000,12,16,1
316936560,60.0,16000000,15,16,2
316938657,37.0,10500000,17,22,1
316939443,40.0,17900000,14,24,1
316939645,86.0,19310000,11,13,3
316939847,46.3,8937000,3,7,1
316940350,56.0,19600000,13,24,3
316940625,85.5,64000000,9,17,2
316940964,82.0,77500000,12,24,3
316941185,67.0,57000000,9,14,3
316941497,44.3,17000000,6,8,2
316942826,70.0,55900000,14,14,2
316942964,38.2,9700000,7,17,1
316944418,79.0,49900000,13,41,3
316944545,56.3,19600000,13,13,3
316944603,51.0,15900000,10,16,2
316944908,57.1,26500000,5,8,3
316945664,36.2,11200000,1,4,1
316946841,29.1,12400000,4,8,1
316947277,38.7,12899000,1,10,1
316948929,14.6,3700000,1,5,1
316949210,44.1,31600000,5,8,2
316949400,14.0,9500000,3,5,1
316949549,54.0,15000000,12,16,2
316950193,35.2,9100000,13,14,1
316950701,62.9,54000000,8,32,2
316952271,39.0,13500000,11,16,1
316952645,70.0,49000000,5,58,2
316953479,77.1,35000000,5,9,3
316953640,69.3,24500000,4,8,2
316957260,31.8,11700000,3,9,1
316958135,76.7,25900000,4,22,3
316959235,50.8,27500000,3,12,2
316959396,35.0,12180000,15,16,1
316959962,60.0,15800000,7,9,3
316960077,60.0,15700000,2,18,2
316961150,53.0,13350000,3,9,3
316970798,48.0,12600000,2,15,2
316973850,45.6,18500000,6,14,2
316977705,44.6,14200000,5,9,2
316978044,44.7,11800000,8,9,2
316978666,30.2,21800000,8,9,1
316980751,37.6,18950000,13,48,1
316980802,37.7,13500000,8,15,1
316982526,98.1,72000000,15,21,3
316983133,73.0,27900000,12,46,3
316983279,73.0,21500000,2,9,3
316983360,54.0,18999000,17,17,2
316983390,57.0,32500000,10,21,2
316987526,32.5,8000000,5,9,1
316987726,66.3,9500000,2,16,2
316987854,45.0,31400000,22,41,1
316989595,34.0,9200000,8,12,1
316989663,63.3,33000000,12,14,2
316990943,31.1,4850000,4,5,1
316990988,37.5,8850000,2,17,1
316991890,33.0,5000000,1,2,1
316992089,49.0,24000000,36,49,2
316992121,71.1,37000000,11,22,3
316992399,63.7,20900000,6,17,2
316993440,78.7,45500000,7,37,3
316995168,55.0,30900000,16,41,2
316995221,71.0,40500008,13,15,3
316995329,32.0,13100000,2,25,1
316995628,58.0,26000000,4,7,2
316995749,38.4,8200000,8,14,1
316995894,59.69,28000000,28,40,2
316996614,46.9,12600000,1,12,2
316997079,74.0,32000000,28,41,2
317000220,55.5,27500000,3,5,3
317001353,66.3,14150000,11,12,3
317001830,70.3,32800000,15,33,2
317001938,57.1,18950000,7,15,2
317002382,58.0,21500000,20,22,2
317002385,50.8,18500000,3,14,2
317002624,41.8,7850000,10,17,1
317002754,77.6,23000000,10,16,3
317003323,37.5,9700000,3,12,1
317005357,95.1,46900000,7,19,3
317005931,41.0,18200000,3,20,1
317005988,43.0,33333000,15,21,2
317006399,50.0,9300000,9,9,2
317007393,82.0,46500000,16,24,2
317007572,50.0,28600000,30,30,3
317008613,46.0,21300000,4,17,1
317009582,61.0,22999000,5,29,3
317018404,45.5,17770000,6,9,2
317020934,37.2,8800000,2,17,1
317021106,44.0,10900000,18,22,1
317021111,61.2,11250000,3,3,2
317021340,48.0,44900000,11,41,1
317021370,60.4,22500000,4,29,2
317021861,57.1,11800000,5,17,2
317022511,71.2,27500000,4,23,3
317023344,42.3,13200000,19,25,1
317024048,60.1,27000000,4,10,3
317025972,68.5,23990000,6,24,2
317026111,40.0,10990000,13,14,2
317032950,64.5,18200000,5,24,2
317034608,85.0,60000000,5,18,3
317035014,54.43,29900000,11,41,2
317036576,72.8,3000000,7,14,-1
317037155,48.0,12300000,7,9,2
317037360,44.0,16495000,14,24,1
317038031,80.0,29500000,9,12,3
317039127,40.0,8000000,5,19,1
317039244,58.5,16800000,3,5,3
317041390,75.0,35500000,11,26,2
317042296,63.0,19000000,4,12,3
317043457,75.2,26900000,1,8,3
317043748,58.0,32300000,10,21,3
317044221,60.1,33000000,5,5,3
317044444,39.5,16990000,11,12,2
317044541,45.0,6800000,2,3,1
317052290,98.2,75000000,14,19,3
317052887,78.0,37500000,3,25,3
317053323,64.5,43500000,2,6,2
317053330,32.0,12999999,3,14,1
317053836,53.4,14750000,7,14,2
317053853,32.3,11950000,6,22,1
317054379,81.0,28990000,4,5,3
317055219,50.0,27950000,21,33,2
317055633,31.2,8200000,7,17,1
317055836,35.6,6950000,12,17,1
317057192,32.3,8000000,2,9,1
317057642,49.1,14300000,9,9,3
317057964,34.0,10000000,1,19,1
317059762,68.0,42300000,2,22,3
317059802,86.0,50700000,3,22,3
317060483,70.0,20500000,19,23,2
317060698,52.2,19500000,14,15,2
317060805,80.0,85000000,4,20,3
317061905,38.0,24990000,3,20,2
317063512,33.0,9900000,4,5,1
317063628,43.3,20500000,8,26,2
317065344,80.1,16500000,5,14,3
317065579,58.1,13700000,9,14,2
317065631,40.2,15800000,12,23,1
317065635,41.4,24850000,5,39,1
317066052,77.4,26990000,17,26,3
317066227,78.9,29000000,1,3,3
317066854,34.0,10500000,2,9,1
317067218,52.1,21500000,5,8,2
317067455,74.0,26500000,6,16,3
317068352,60.0,35000000,42,54,2
317069206,83.0,25400000,10,17,3
317069579,41.0,16700000,19,32,1
317069880,33.1,9400000,5,5,1
317069929,48.8,12500000,1,12,2
317070538,55.1,13400000,18,19,2
317070655,33.0,11000000,8,9,1
317074221,58.0,30500000,11,12,2
317079157,55.0,21500000,5,7,2
317079893,57.4,15700000,11,17,2
317081872,48.7,15500000,1,9,2
317082200,20.0,5300000,2,5,1
317082592,47.0,30000000,3,21,1
317084027,50.9,13400000,2,17,2
317084591,97.0,45000000,21,28,3
317085089,51.0,25600000,3,12,2
317085099,74.6,16800000,20,25,3
317085228,99.0,32900000,23,25,3
317086398,64.2,6700000,2,16,-1
317086995,31.1,10800000,9,9,1
317087049,39.0,15100000,3,22,1
317087255,28.4,8800000,1,5,1
317087561,77.9,18900000,2,12,3
317089362,65.0,20600000,11,12,3
317090258,65.0,32500000,6,26,2
317090275,47.0,55800000,3,8,2
317091110,35.1,8200000,1,12,1
317091278,31.0,8700000,1,4,1
317103927,68.3,44899000,5,8,3
317106066,36.0,8700000,5,9,1
317106613,40.0,15650000,21,25,1
317107423,38.7,8500000,3,12,1
317108694,40.0,14000000,2,23,1
317108968,46.0,31000000,4,26,2
317109246,35.5,10800000,14,16,1
317109806,59.9,31000000,11,16,3
317109977,37.5,8000000,3,19,1
317110008,42.9,16899000,2,23,1
317113543,39.0,14600000,15,17,1
317115018,41.3,25950000,39,43,1
317116123,53.5,15350000,4,12,2
317116350,71.0,16500000,8,16,3
317116373,23.0,6800000,1,5,1
317116614,32.1,7500000,1,14,1
317117287,63.0,22500000,4,8,2
317129879,51.0,17500000,10,12,2
317133436,39.2,8800000,1,12,1
317136234,38.6,10950000,12,17,1
317136367,53.5,11600000,6,6,2
317136733,50.9,13800000,5,16,2
317137021,41.0,7600000,5,22,1
317138487,54.2,22490000,3,17,2
317138598,67.5,30750000,14,32,2
317138685,48.8,29500000,27,27,2
317139157,26.0,6900000,2,17,1
317139870,69.0,84900000,4,6,3
317140243,39.3,8700000,5,14,1
317140288,42.9,16500000,5,5,2
317140926,75.6,37900000,6,10,3
317142473,37.4,10800000,8,16,1
317142676,62.5,16900000,4,10,2
317142762,35.1,12899000,4,24,1
317145008,39.0,14000000,9,12,1
317145245,76.7,28000000,12,15,3
317145970,38.0,8300000,3,7,1
317147390,33.4,8590000,9,9,1
317148092,71.0,19700000,7,17,3
317148923,57.0,39000000,3,7,2
317149051,70.7,27500000,13,42,2
317150700,60.0,15500000,2,9,3
317152209,86.0,51000000,8,30,3
317152935,31.3,8999000,1,9,1
317154498,48.0,19100000,7,12,2
317155989,36.3,8850000,6,12,1
